,month,airline_id,carrier,total_gallons,total_cost,year
0,1,21352.0,0WQ,210112.0,536455,2016
1,1,20408.0,5V,284362.0,569497,2016
2,1,19917.0,5X,60969000.0,65339000,2016
3,1,20007.0,5Y,24809190.0,44370847,2016
4,1,19874.0,8C,749252.0,1897501,2016
5,1,20190.0,9S,6098523.0,12806900,2016
6,1,19805.0,AA,282748633.0,317344085,2016
7,1,20453.0,ABX,193054.0,461092,2016
8,1,19930.0,AS,37667477.0,47152571,2016
9,1,20409.0,B6,60623708.0,70537499,2016
10,1,19790.0,DL,260151248.0,354719002,2016
11,1,21650.0,EE,375040.0,495052,2016
12,1,20366.0,EV,81827.0,159104,2016
13,1,20436.0,F9,16155531.0,16445664,2016
14,1,20107.0,FX,88713921.0,96498000,2016
15,1,20368.0,G4,12264170.0,15650180,2016
16,1,20166.0,GFQ,131560.0,211459,2016
17,1,20402.0,GL,685968.0,1248259,2016
18,1,19690.0,HA,19966717.0,23242004,2016
19,1,20310.0,K8,89102.0,227505,2016
20,1,20370.0,KAQ,3460627.0,5481337,2016
21,1,21634.0,KH,413456.0,434504,2016
22,1,20372.0,KLQ,137646.0,238552,2016
23,1,20169.0,L2,252782.0,390317,2016
24,1,20151.0,M6,1791448.0,2191130,2016
25,1,20405.0,N8,775909.0,1497512,2016
26,1,20108.0,NC,446891.0,612335,2016
27,1,20416.0,NK,23516807.0,29253557,2016
28,1,20304.0,OO,5444514.0,8161174,2016
29,1,20177.0,PFQ,273735.0,512160,2016
30,1,20100.0,PO,14816197.0,18226279,2016
31,1,20448.0,S5,3793819.0,3841009,2016
32,1,20422.0,SY,5180480.0,6822690,2016
33,1,20447.0,U7,231214.0,277945,2016
34,1,19977.0,UA,240229795.0,277726020,2016
35,1,21171.0,VX,14194685.0,16279748,2016
36,1,20308.0,WE,449711.0,537169,2016
37,1,20287.0,WP,97142.0,116920,2016
38,1,20377.0,X9,2761585.0,7918432,2016
39,1,20207.0,XP,759821.0,1291407,2016
40,1,20452.0,YX,12732476.0,14986287,2016
41,1,20046.0,ZW,6016332.0,7953100,2016
42,1,19393.0,WN,154506208.0,277711435,2016
43,2,21161.0,09Q,328697.0,673205,2016
44,2,21352.0,0WQ,181507.0,466156,2016
45,2,20408.0,5V,287095.0,619519,2016
46,2,19917.0,5X,54502000.0,55087000,2016
47,2,20007.0,5Y,25226278.0,44439422,2016
48,2,19874.0,8C,677052.0,1845258,2016
49,2,20190.0,9S,4928643.0,10350150,2016
50,2,19805.0,AA,266861016.0,281410386,2016
51,2,20453.0,ABX,252917.0,554065,2016
52,2,19930.0,AS,35531494.0,42171313,2016
53,2,20409.0,B6,58151853.0,66340295,2016
54,2,19790.0,DL,244665334.0,328807596,2016
55,2,21650.0,EE,391360.0,540077,2016
56,2,20366.0,EV,76666.0,178088,2016
57,2,20436.0,F9,15240623.0,14937147,2016
58,2,20107.0,FX,84288159.0,87984000,2016
59,2,20368.0,G4,12815963.0,16053275,2016
60,2,20166.0,GFQ,130011.0,221208,2016
61,2,20402.0,GL,666446.0,1161614,2016
62,2,19690.0,HA,18180766.0,20030171,2016
63,2,20310.0,K8,36971.0,93306,2016
64,2,20370.0,KAQ,2811192.0,4243298,2016
65,2,21629.0,KD,18351.0,18351,2016
66,2,21634.0,KH,412808.0,427991,2016
67,2,20372.0,KLQ,94537.0,174762,2016
68,2,20169.0,L2,199100.0,295949,2016
69,2,20151.0,M6,1787901.0,2193379,2016
70,2,20405.0,N8,1006336.0,1931580,2016
71,2,20108.0,NC,377896.0,488580,2016
72,2,20416.0,NK,21981422.0,25893176,2016
73,2,20304.0,OO,5287524.0,7860757,2016
74,2,20177.0,PFQ,245619.0,412422,2016
75,2,20100.0,PO,11798892.0,12397956,2016
76,2,20448.0,S5,3082947.0,3177980,2016
77,2,20422.0,SY,5214769.0,6983134,2016
78,2,20447.0,U7,321944.0,389887,2016
79,2,19977.0,UA,228642695.0,242219657,2016
80,2,21171.0,VX,13417145.0,13790295,2016
81,2,20308.0,WE,119072.0,137952,2016
82,2,20287.0,WP,92320.0,87273,2016
83,2,20377.0,X9,3021324.0,7484138,2016
84,2,20207.0,XP,672345.0,1103899,2016
85,2,20452.0,YX,11730250.0,11499270,2016
86,2,20046.0,ZW,5867191.0,6239743,2016
87,2,19393.0,WN,145687543.0,253104358,2016
88,3,21161.0,09Q,551159.0,1276282,2016
89,3,21352.0,0WQ,12505.0,32637,2016
90,3,20408.0,5V,368114.0,815240,2016
91,3,19917.0,5X,65027000.0,71556000,2016
92,3,20007.0,5Y,28789377.0,50943407,2016
93,3,19874.0,8C,676465.0,1803446,2016
94,3,20190.0,9S,6502939.0,13656172,2016
95,3,19805.0,AA,305541690.0,340587052,2016
96,3,20453.0,ABX,312309.0,590264,2016
97,3,19930.0,AS,39596833.0,50345955,2016
98,3,20409.0,B6,64395121.0,77936475,2016
99,3,19790.0,DL,280976475.0,388472770,2016
100,3,21650.0,EE,473920.0,706141,2016
101,3,20366.0,EV,82715.0,194962,2016
102,3,20436.0,F9,16416821.0,17655232,2016
103,3,20107.0,FX,98487077.0,111339000,2016
104,3,20368.0,G4,16442818.0,22071234,2016
105,3,20166.0,GFQ,227116.0,368671,2016
106,3,20402.0,GL,715715.0,1339105,2016
107,3,19690.0,HA,19708114.0,23026945,2016
108,3,20310.0,K8,72598.0,204737,2016
109,3,20370.0,KAQ,2446627.0,4143115,2016
110,3,21629.0,KD,40542.0,40542,2016
111,3,21634.0,KH,458733.0,543848,2016
112,3,20372.0,KLQ,252913.0,457919,2016
113,3,20169.0,L2,248283.0,382815,2016
114,3,20151.0,M6,1806465.0,2352384,2016
115,3,20405.0,N8,777659.0,1360404,2016
116,3,20108.0,NC,412385.0,566931,2016
117,3,20416.0,NK,20051000.0,30833796,2016
118,3,20304.0,OO,6067876.0,8768054,2016
119,3,20177.0,PFQ,273261.0,439064,2016
120,3,20100.0,PO,15723111.0,18059145,2016
121,3,20448.0,S5,4370846.0,4851196,2016
122,3,20422.0,SY,5946748.0,8363521,2016
123,3,20447.0,U7,563741.0,715495,2016
124,3,19977.0,UA,265337819.0,297964996,2016
125,3,21171.0,VX,15460169.0,17647757,2016
126,3,20287.0,WP,121341.0,132902,2016
127,3,20377.0,X9,2295678.0,5828855,2016
128,3,20207.0,XP,850482.0,1553618,2016
129,3,20452.0,YX,13995700.0,15033057,2016
130,3,20046.0,ZW,6588736.0,7498977,2016
131,3,19393.0,WN,172667623.0,283892879,2016
132,4,21161.0,09Q,379161.0,659432,2016
133,4,21352.0,0WQ,20098.0,52519,2016
134,4,20408.0,5V,343885.0,713613,2016
135,4,19917.0,5X,60333000.0,71180000,2016
136,4,20007.0,5Y,30876150.0,52278968,2016
137,4,19874.0,8C,658109.0,1506140,2016
138,4,20190.0,9S,6094992.0,12799483,2016
139,4,19805.0,AA,292255226.0,350930021,2016
140,4,20453.0,ABX,161669.0,320880,2016
141,4,19930.0,AS,38598758.0,51784926,2016
142,4,20409.0,B6,62428968.0,79388437,2016
143,4,19790.0,DL,279599419.0,429540020,2016
144,4,21650.0,EE,318400.0,493520,2016
145,4,20366.0,EV,77831.0,220371,2016
146,4,20436.0,F9,16071313.0,18771877,2016
147,4,20107.0,FX,92095004.0,109719000,2016
148,4,20368.0,G4,13408496.0,18602361,2016
149,4,20166.0,GFQ,193760.0,346865,2016
150,4,20402.0,GL,570483.0,1040447,2016
151,4,19690.0,HA,18932506.0,23223634,2016
152,4,20310.0,K8,42477.0,83136,2016
153,4,20370.0,KAQ,3651174.0,5678439,2016
154,4,21629.0,KD,7812.0,7812,2016
155,4,21634.0,KH,417640.0,518317,2016
156,4,20372.0,KLQ,156202.0,306969,2016
157,4,20169.0,L2,195894.0,310424,2016
158,4,20151.0,M6,1858471.0,2499195,2016
159,4,20405.0,N8,1389500.0,2582856,2016
160,4,20108.0,NC,463105.0,675295,2016
161,4,20416.0,NK,24715453.0,32468178,2016
162,4,20304.0,OO,6079389.0,9365067,2016
163,4,20177.0,PFQ,283134.0,504738,2016
164,4,20100.0,PO,14717190.0,18574019,2016
165,4,20448.0,S5,2625542.0,3036717,2016
166,4,20422.0,SY,4830126.0,6928390,2016
167,4,20447.0,U7,481875.0,636529,2016
168,4,19977.0,UA,257893397.0,308674504,2016
169,4,21171.0,VX,15640812.0,18384609,2016
170,4,20287.0,WP,126195.0,160992,2016
171,4,20377.0,X9,2878007.0,5999885,2016
172,4,20207.0,XP,577352.0,1066424,2016
173,4,20452.0,YX,12792878.0,14688177,2016
174,4,20046.0,ZW,6281133.0,7769570,2016
175,4,19393.0,WN,166117580.0,262687589,2016
176,5,21161.0,09Q,318452.0,394296,2016
177,5,21352.0,0WQ,23873.0,67800,2016
178,5,21492.0,1BQ,34091.0,543913,2016
179,5,20408.0,5V,338719.0,794232,2016
180,5,19917.0,5X,61474000.0,79522000,2016
181,5,20007.0,5Y,29633766.0,51980923,2016
182,5,19874.0,8C,799411.0,1451021,2016
183,5,20190.0,9S,6307554.0,13245863,2016
184,5,19805.0,AA,313190128.0,407824957,2016
185,5,20453.0,ABX,74254.0,140340,2016
186,5,19930.0,AS,39132120.0,57737641,2016
187,5,20409.0,B6,63549584.0,91789656,2016
188,5,19790.0,DL,299428448.0,452129965,2016
189,5,21650.0,EE,308960.0,525232,2016
190,5,20366.0,EV,85605.0,198677,2016
191,5,20436.0,F9,17174618.0,22422890,2016
192,5,20107.0,FX,89515467.0,118473000,2016
193,5,20368.0,G4,13615505.0,21056684,2016
194,5,20166.0,GFQ,218880.0,413304,2016
195,5,20402.0,GL,538444.0,1019436,2016
196,5,19690.0,HA,19669417.0,26366779,2016
197,5,20310.0,K8,59314.0,153656,2016
198,5,20370.0,KAQ,2070043.0,3414633,2016
199,5,21629.0,KD,14921.0,14921,2016
200,5,21634.0,KH,420758.0,575838,2016
201,5,20372.0,KLQ,235564.0,490933,2016
202,5,20169.0,L2,240210.0,435203,2016
203,5,20151.0,M6,1759865.0,2658880,2016
204,5,20405.0,N8,666666.0,1187346,2016
205,5,20108.0,NC,466942.0,740895,2016
206,5,20416.0,NK,26414317.0,39436237,2016
207,5,20304.0,OO,6375164.0,10830449,2016
208,5,20177.0,PFQ,297367.0,576633,2016
209,5,20100.0,PO,15578133.0,21066984,2016
210,5,20448.0,S5,2922167.0,3854389,2016
211,5,20422.0,SY,3821647.0,6158128,2016
212,5,20447.0,U7,459556.0,674901,2016
213,5,19977.0,UA,281394904.0,370830564,2016
214,5,21171.0,VX,16414177.0,21737449,2016
215,5,20308.0,WE,329399.0,503652,2016
216,5,20287.0,WP,128211.0,177108,2016
217,5,20377.0,X9,2129372.0,2884278,2016
218,5,20207.0,XP,556146.0,1073362,2016
219,5,20452.0,YX,11820783.0,14889666,2016
220,5,20046.0,ZW,6510272.0,8792834,2016
221,5,19393.0,WN,170290207.0,285523831,2016
222,6,21352.0,0WQ,26382.0,82048,2016
223,6,20408.0,5V,398853.0,995143,2016
224,6,19917.0,5X,64673000.0,91738000,2016
225,6,20007.0,5Y,30154889.0,54178071,2016
226,6,19874.0,8C,727092.0,1391446,2016
227,6,20190.0,9S,6199687.0,13019344,2016
228,6,19805.0,AA,325213057.0,460306736,2016
229,6,20453.0,ABX,41106.0,68116,2016
230,6,19930.0,AS,40343833.0,65645569,2016
231,6,20409.0,B6,65324308.0,102954211,2016
232,6,19790.0,DL,313711612.0,963444631,2016
233,6,21650.0,EE,483920.0,822664,2016
234,6,20366.0,EV,80305.0,204875,2016
235,6,20436.0,F9,18090996.0,25542928,2016
236,6,20107.0,FX,92488481.0,133629000,2016
237,6,20368.0,G4,17128733.0,28784055,2016
238,6,20166.0,GFQ,444215.0,891504,2016
239,6,20402.0,GL,624061.0,1379421,2016
240,6,19690.0,HA,21096167.0,30956710,2016
241,6,20310.0,K8,50209.0,98615,2016
242,6,20370.0,KAQ,2475442.0,4099440,2016
243,6,21629.0,KD,282032.0,282032,2016
244,6,21634.0,KH,414878.0,615846,2016
245,6,20372.0,KLQ,127070.0,278086,2016
246,6,20169.0,L2,197857.0,393160,2016
247,6,20151.0,M6,1874919.0,3102827,2016
248,6,20405.0,N8,457022.0,796043,2016
249,6,20108.0,NC,558685.0,1040758,2016
250,6,20416.0,NK,25883552.0,41287248,2016
251,6,20304.0,OO,6376531.0,11480104,2016
252,6,20177.0,PFQ,280183.0,505845,2016
253,6,20100.0,PO,14808215.0,21708375,2016
254,6,20448.0,S5,2974618.0,4340750,2016
255,6,20422.0,SY,4700085.0,8225706,2016
256,6,20447.0,U7,572775.0,930816,2016
257,6,19977.0,UA,294023498.0,423352591,2016
258,6,21171.0,VX,17077810.0,24892865,2016
259,6,20308.0,WE,498352.0,856030,2016
260,6,20287.0,WP,166912.0,259340,2016
261,6,20377.0,X9,2604815.0,4800584,2016
262,6,20207.0,XP,739590.0,1531771,2016
263,6,20452.0,YX,11611850.0,15883727,2016
264,6,20046.0,ZW,6353609.0,9333727,2016
265,6,19393.0,WN,177255565.0,310700426,2016
266,7,21161.0,09Q,328601.0,904599,2016
267,7,21352.0,0WQ,29149.0,85990,2016
268,7,21645.0,23Q,118140.0,235039,2016
269,7,20408.0,5V,452311.0,936113,2016
270,7,19917.0,5X,63265000.0,87923000,2016
271,7,20007.0,5Y,30859217.0,57599897,2016
272,7,19874.0,8C,594718.0,1127536,2016
273,7,20190.0,9S,6415568.0,13472693,2016
274,7,19805.0,AA,338537054.0,477298830,2016
275,7,20453.0,ABX,168462.0,353770,2016
276,7,19930.0,AS,41708931.0,66198034,2016
277,7,20409.0,B6,69519324.0,105712879,2016
278,7,19790.0,DL,333299312.0,493229453,2016
279,7,21650.0,EE,612320.0,1040944,2016
280,7,20366.0,EV,80896.0,230891,2016
281,7,20436.0,F9,20527999.0,28858501,2016
282,7,20107.0,FX,90794613.0,128342000,2016
283,7,20368.0,G4,18352864.0,29820427,2016
284,7,20166.0,GFQ,280938.0,559320,2016
285,7,20402.0,GL,335264.0,483018,2016
286,7,19690.0,HA,22418860.0,32228181,2016
287,7,20310.0,K8,189716.0,450465,2016
288,7,20370.0,KAQ,2721438.0,4576516,2016
289,7,21629.0,KD,168903.0,168903,2016
290,7,21634.0,KH,420630.0,602912,2016
291,7,20372.0,KLQ,170132.0,368724,2016
292,7,20169.0,L2,255601.0,505456,2016
293,7,20151.0,M6,1892766.0,3013910,2016
294,7,20405.0,N8,686281.0,1290073,2016
295,7,20108.0,NC,502881.0,807428,2016
296,7,20416.0,NK,26510281.0,42442868,2016
297,7,20304.0,OO,6489965.0,11647680,2016
298,7,20177.0,PFQ,318966.0,592222,2016
299,7,20100.0,PO,14443695.0,22203604,2016
300,7,20448.0,S5,4897404.0,6728261,2016
301,7,20422.0,SY,5221057.0,8642771,2016
302,7,20447.0,U7,307031.0,492255,2016
303,7,19977.0,UA,309948402.0,445707176,2016
304,7,21171.0,VX,17894585.0,24910500,2016
305,7,20308.0,WE,426941.0,693189,2016
306,7,20287.0,WP,176438.0,269709,2016
307,7,20377.0,X9,2872106.0,5393998,2016
308,7,20207.0,XP,780957.0,1623947,2016
309,7,20452.0,YX,11951675.0,16611835,2016
310,7,20046.0,ZW,6345731.0,10035625,2016
311,7,19393.0,WN,181536858.0,319188062,2016
312,8,21161.0,09Q,228567.0,462883,2016
313,8,21352.0,0WQ,34677.0,104722,2016
314,8,21645.0,23Q,122224.0,271906,2016
315,8,20408.0,5V,441778.0,977129,2016
316,8,19917.0,5X,66765000.0,86747000,2016
317,8,20007.0,5Y,31669793.0,54809125,2016
318,8,19874.0,8C,661079.0,1292835,2016
319,8,20190.0,9S,5931051.0,12455210,2016
320,8,19805.0,AA,326327141.0,437594283,2016
321,8,20453.0,ABX,112827.0,353770,2016
322,8,19930.0,AS,42038582.0,62376704,2016
323,8,20409.0,B6,69445570.0,98482169,2016
324,8,19790.0,DL,325186619.0,501635299,2016
325,8,21650.0,EE,554000.0,936260,2016
326,8,20366.0,EV,82119.0,210836,2016
327,8,20436.0,F9,20001579.0,25322242,2016
328,8,20107.0,FX,93368352.0,124780000,2016
329,8,20368.0,G4,14225856.0,21647166,2016
330,8,20166.0,GFQ,419475.0,828969,2016
331,8,20402.0,GL,340747.0,773578,2016
332,8,19690.0,HA,22361065.0,30020870,2016
333,8,20310.0,K8,143895.0,303601,2016
334,8,20370.0,KAQ,3630319.0,5907068,2016
335,8,21629.0,KD,34354.0,34354,2016
336,8,21634.0,KH,453731.0,606746,2016
337,8,20372.0,KLQ,239099.0,473662,2016
338,8,20169.0,L2,251512.0,478167,2016
339,8,20151.0,M6,1876138.0,2858916,2016
340,8,20405.0,N8,712312.0,1222404,2016
341,8,20108.0,NC,596056.0,928695,2016
342,8,20416.0,NK,27159053.0,40967959,2016
343,8,20304.0,OO,6548860.0,11535275,2016
344,8,20177.0,PFQ,333553.0,576221,2016
345,8,20100.0,PO,14968101.0,21391844,2016
346,8,20448.0,S5,4935993.0,6564449,2016
347,8,20422.0,SY,4639744.0,7273718,2016
348,8,20447.0,U7,573486.0,863326,2016
349,8,19977.0,UA,304556396.0,413360687,2016
350,8,21171.0,VX,17859802.0,23075440,2016
351,8,20308.0,WE,585272.0,868206,2016
352,8,20287.0,WP,174085.0,237468,2016
353,8,20377.0,X9,2930967.0,5495955,2016
354,8,20207.0,XP,407018.0,811683,2016
355,8,20452.0,YX,12008810.0,15891945,2016
356,8,20046.0,ZW,6353980.0,9669585,2016
357,8,19393.0,WN,171922013.0,295793183,2016
358,9,21161.0,09Q,295122.0,647138,2016
359,9,21352.0,0WQ,28479.0,82875,2016
360,9,21645.0,23Q,124264.0,289522,2016
361,9,20408.0,5V,387562.0,883881,2016
362,9,19917.0,5X,65210000.0,88749000,2016
363,9,20007.0,5Y,33641772.0,57294777,2016
364,9,19874.0,8C,632389.0,1203127,2016
365,9,20190.0,9S,6450652.0,13546369,2016
366,9,19805.0,AA,288059629.0,399447717,2016
367,9,20453.0,ABX,186590.0,353377,2016
368,9,19930.0,AS,35681303.0,55382260,2016
369,9,20409.0,B6,59288359.0,88900518,2016
370,9,19790.0,DL,283634295.0,404304319,2016
371,9,21650.0,EE,395680.0,712224,2016
372,9,20366.0,EV,90640.0,242775,2016
373,9,20436.0,F9,19196296.0,26119921,2016
374,9,20107.0,FX,90585315.0,125509000,2016
375,9,20368.0,G4,11608073.0,18949260,2016
376,9,20166.0,GFQ,362486.0,699322,2016
377,9,20402.0,GL,454825.0,1019826,2016
378,9,19690.0,HA,20137607.0,28132584,2016
379,9,20310.0,K8,113344.0,237277,2016
380,9,20370.0,KAQ,3641277.0,5912272,2016
381,9,21629.0,KD,127867.0,127867,2016
382,9,21634.0,KH,434148.0,612176,2016
383,9,20372.0,KLQ,327271.0,686531,2016
384,9,20169.0,L2,161921.0,326107,2016
385,9,20151.0,M6,1718127.0,2740695,2016
386,9,20405.0,N8,1060622.0,1988548,2016
387,9,20108.0,NC,491123.0,804685,2016
388,9,20416.0,NK,24618614.0,38433033,2016
389,9,20304.0,OO,5643514.0,8966030,2016
390,9,20177.0,PFQ,337327.0,622885,2016
391,9,20100.0,PO,14109735.0,20012231,2016
392,9,20448.0,S5,4093952.0,5666797,2016
393,9,20422.0,SY,3618938.0,5978537,2016
394,9,20447.0,U7,679807.0,1059311,2016
395,9,19977.0,UA,274673984.0,383255846,2016
396,9,21171.0,VX,16138177.0,22145396,2016
397,9,20308.0,WE,525640.0,849657,2016
398,9,20287.0,WP,161426.0,225221,2016
399,9,20377.0,X9,2166954.0,3956387,2016
400,9,20207.0,XP,405758.0,819956,2016
401,9,20452.0,YX,10210565.0,13956065,2016
402,9,20046.0,ZW,10633.0,31571,2016
403,9,19393.0,WN,159763907.0,283361784,2016
404,10,21161.0,09Q,321959.0,886223,2016
405,10,21352.0,0WQ,18771.0,56503,2016
406,10,21492.0,1BQ,695195.0,1059000,2016
407,10,21645.0,23Q,100942.0,200824,2016
408,10,20408.0,5V,428555.0,999862,2016
409,10,19917.0,5X,65187000.0,93465000,2016
410,10,20007.0,5Y,37021014.0,63650408,2016
411,10,19874.0,8C,631504.0,1206743,2016
412,10,20190.0,9S,6196275.0,13012177,2016
413,10,19805.0,AA,293028703.0,422850406,2016
414,10,20453.0,ABX,100804.0,166327,2016
415,10,19930.0,AS,36464139.0,60371031,2016
416,10,20409.0,B6,60156712.0,92460910,2016
417,10,19790.0,DL,278656882.0,476736882,2016
418,10,21650.0,EE,493200.0,818712,2016
419,10,20366.0,EV,83641.0,234987,2016
420,10,20436.0,F9,19272192.0,27707398,2016
421,10,20107.0,FX,91921777.0,135606000,2016
422,10,20368.0,G4,13580127.0,23346221,2016
423,10,20166.0,GFQ,529566.0,1040401,2016
424,10,20402.0,GL,568857.0,1382304,2016
425,10,19690.0,HA,20442501.0,30094184,2016
426,10,20310.0,K8,147238.0,397995,2016
427,10,20370.0,KAQ,4225535.0,7553114,2016
428,10,21629.0,KD,1874135.0,1874135,2016
429,10,21634.0,KH,442368.0,668825,2016
430,10,20372.0,KLQ,359698.0,784218,2016
431,10,20169.0,L2,160496.0,328161,2016
432,10,20151.0,M6,1806079.0,3035870,2016
433,10,20405.0,N8,1593467.0,3309237,2016
434,10,20108.0,NC,578939.0,1046850,2016
435,10,20416.0,NK,24717921.0,41066618,2016
436,10,20304.0,OO,5715200.0,10322219,2016
437,10,20177.0,PFQ,337627.0,610043,2016
438,10,20100.0,PO,15325951.0,22059689,2016
439,10,20448.0,S5,3757754.0,5528358,2016
440,10,20422.0,SY,4347402.0,7623655,2016
441,10,20447.0,U7,641942.0,1052762,2016
442,10,19977.0,UA,278907982.0,409684092,2016
443,10,21171.0,VX,16286913.0,24113185,2016
444,10,20308.0,WE,457498.0,760982,2016
445,10,20287.0,WP,162251.0,241206,2016
446,10,20377.0,X9,3274672.0,6392130,2016
447,10,20207.0,XP,499363.0,993481,2016
448,10,20452.0,YX,10410132.0,14775468,2016
449,10,20046.0,ZW,14322.0,42800,2016
450,10,19393.0,WN,164479409.0,300044113,2016
451,11,21161.0,09Q,384931.0,914799,2016
452,11,21352.0,0WQ,19893.0,57489,2016
453,11,21492.0,1BQ,572811.0,1115513,2016
454,11,21645.0,23Q,177476.0,385047,2016
455,11,20408.0,5V,353638.0,813824,2016
456,11,19917.0,5X,72390000.0,103336000,2016
457,11,20007.0,5Y,34001297.0,54875222,2016
458,11,19874.0,8C,606992.0,1151609,2016
459,11,20190.0,9S,6279836.0,13187657,2016
460,11,19805.0,AA,268977142.0,391678109,2016
461,11,20453.0,ABX,45896.0,82145,2016
462,11,19930.0,AS,37567435.0,61002508,2016
463,11,20409.0,B6,60220076.0,92797157,2016
464,11,19790.0,DL,246598174.0,385905388,2016
465,11,21650.0,EE,501120.0,1072396,2016
466,11,20366.0,EV,85810.0,218525,2016
467,11,20436.0,F9,18590427.0,26067387,2016
468,11,20107.0,FX,94692621.0,137463,2016
469,11,20368.0,G4,13489524.0,22205282,2016
470,11,20166.0,GFQ,275784.0,549059,2016
471,11,20402.0,GL,684378.0,1459728,2016
472,11,19690.0,HA,19556847.0,28567162,2016
473,11,20310.0,K8,183686.0,361527,2016
474,11,20370.0,KAQ,7197586.0,11793106,2016
475,11,21629.0,KD,2186205.0,2186205,2016
476,11,21634.0,KH,432701.0,634092,2016
477,11,20372.0,KLQ,157639.0,342054,2016
478,11,20169.0,L2,165644.0,334254,2016
479,11,20151.0,M6,1974710.0,3222176,2016
480,11,20405.0,N8,1834117.0,3200791,2016
481,11,20108.0,NC,444693.0,724570,2016
482,11,20416.0,NK,25214102.0,39655872,2016
483,11,20304.0,OO,5341566.0,9643922,2016
484,11,20177.0,PFQ,333279.0,638003,2016
485,11,20100.0,PO,16885472.0,25786562,2016
486,11,20422.0,SY,4320059.0,7579354,2016
487,11,20447.0,U7,415634.0,654313,2016
488,11,19977.0,UA,252339393.0,369816083,2016
489,11,21171.0,VX,16587348.0,23530692,2016
490,11,20308.0,WE,357767.0,582292,2016
491,11,20287.0,WP,160589.0,243396,2016
492,11,20377.0,X9,2153350.0,3977951,2016
493,11,20207.0,XP,539809.0,1073948,2016
494,11,20046.0,ZW,4611.0,14673,2016
495,11,19393.0,WN,163961084.0,298346362,2016
496,12,21161.0,09Q,398112.0,965604,2016
497,12,21352.0,0WQ,24221.0,78476,2016
498,12,21492.0,1BQ,300487.0,995742,2016
499,12,21645.0,23Q,114882.0,250760,2016
500,12,20408.0,5V,363025.0,840325,2016
501,12,19917.0,5X,83152000.0,123814000,2016
502,12,20007.0,5Y,33847336.0,56763710,2016
503,12,19874.0,8C,732334.0,1485395,2016
504,12,20190.0,9S,6236942.0,13097578,2016
505,12,19805.0,AA,294981569.0,445275123,2016
506,12,20453.0,ABX,31953.0,52722,2016
507,12,19930.0,AS,40085978.0,68085614,2016
508,12,20409.0,B6,66674932.0,106084293,2016
509,12,19790.0,DL,266709237.0,435331872,2016
510,12,21650.0,EE,531360.0,972389,2016
511,12,20366.0,EV,85946.0,239935,2016
512,12,20436.0,F9,18878199.0,28228960,2016
513,12,20107.0,FX,108339193.0,163130000,2016
514,12,20368.0,G4,15863821.0,27856572,2016
515,12,20166.0,GFQ,320450.0,653339,2016
516,12,20402.0,GL,454005.0,1022779,2016
517,12,19690.0,HA,21637621.0,33098981,2016
518,12,20310.0,K8,234956.0,414541,2016
519,12,20370.0,KAQ,5293232.0,8569517,2016
520,12,21629.0,KD,1433197.0,3047462,2016
521,12,21634.0,KH,478937.0,750888,2016
522,12,20372.0,KLQ,128713.0,312009,2016
523,12,20169.0,L2,141535.0,298714,2016
524,12,20151.0,M6,2450305.0,4241844,2016
525,12,20405.0,N8,1171509.0,2177971,2016
526,12,20108.0,NC,506112.0,902651,2016
527,12,20416.0,NK,26997853.0,45812193,2016
528,12,20304.0,OO,5655072.0,10848121,2016
529,12,20177.0,PFQ,452769.0,846521,2016
530,12,20100.0,PO,17475435.0,25490535,2016
531,12,20422.0,SY,5330238.0,9426790,2016
532,12,20447.0,U7,618115.0,1031534,2016
533,12,19977.0,UA,273280870.0,415049145,2016
534,12,21171.0,VX,17051098.0,25889818,2016
535,12,20308.0,WE,357767.0,582292,2016
536,12,20287.0,WP,165446.0,252375,2016
537,12,20377.0,X9,2174816.0,4153325,2016
538,12,20207.0,XP,568491.0,1131010,2016
539,12,20046.0,ZW,7716.0,24699,2016
540,12,19393.0,WN,170448086.0,312741891,2016
541,1,21161.0,09Q,352605.0,977947,2017
542,1,21352.0,0WQ,26018.0,81258,2017
543,1,21492.0,1BQ,219309.0,1541032,2017
544,1,21645.0,23Q,82901.0,164931,2017
545,1,20408.0,5V,343787.0,764031,2017
546,1,19917.0,5X,64379000.0,95066000,2017
547,1,20007.0,5Y,30535372.0,55382146,2017
548,1,19874.0,8C,602543.0,1124468,2017
549,1,20190.0,9S,5451526.0,11448204,2017
550,1,19805.0,AA,281546168.0,440888323,2017
551,1,20453.0,ABX,17328.0,29284,2017
552,1,19930.0,AS,39857764.0,69840329,2017
553,1,20409.0,B6,65243539.0,110137331,2017
554,1,19790.0,DL,258186982.0,430704972,2017
555,1,21650.0,EE,427760.0,808467,2017
556,1,20366.0,EV,87798.0,241962,2017
557,1,20436.0,F9,18870467.0,29538698,2017
558,1,20107.0,FX,91096231.0,145833000,2017
559,1,20368.0,G4,14466463.0,26151460,2017
560,1,20166.0,GFQ,168885.0,363632,2017
561,1,20402.0,GL,707760.0,1545829,2017
562,1,19690.0,HA,21508669.0,34732170,2017
563,1,20310.0,K8,94508.0,199931,2017
564,1,20370.0,KAQ,3573983.0,6464788,2017
565,1,21629.0,KD,656035.0,1323075,2017
566,1,21634.0,KH,436860.0,723082,2017
567,1,20372.0,KLQ,108463.0,236185,2017
568,1,20169.0,L2,185756.0,446461,2017
569,1,20151.0,M6,1620745.0,2933659,2017
570,1,20405.0,N8,1243257.0,2577877,2017
571,1,20108.0,NC,366428.0,657933,2017
572,1,20416.0,NK,26626529.0,46027342,2017
573,1,20304.0,OO,5631031.0,11005676,2017
574,1,20177.0,PFQ,287340.0,540515,2017
575,1,20100.0,PO,16104914.0,25484154,2017
576,1,20422.0,SY,5599729.0,9815727,2017
577,1,20447.0,U7,283875.0,498125,2017
578,1,19977.0,UA,255048319.0,412500789,2017
579,1,21171.0,VX,16104407.0,25309253,2017
580,1,20287.0,WP,195365.0,329664,2017
581,1,20377.0,X9,3338563.0,6853257,2017
582,1,20207.0,XP,699293.0,1391240,2017
583,1,20046.0,ZW,3636.0,12151,2017
584,1,19393.0,WN,163668244.0,291146135,2017
585,2,21161.0,09Q,350079.0,897782,2017
586,2,21352.0,0WQ,21244.0,66921,2017
587,2,21492.0,1BQ,172801.0,743252,2017
588,2,21645.0,23Q,15455.0,30747,2017
589,2,20408.0,5V,320791.0,773434,2017
590,2,19917.0,5X,54747000.0,87203000,2017
591,2,20007.0,5Y,24840589.0,45838086,2017
592,2,19874.0,8C,600741.0,1155251,2017
593,2,20190.0,9S,5296073.0,11161752,2017
594,2,19805.0,AA,251931550.0,405710427,2017
595,2,20453.0,ABX,16484.0,31949,2017
596,2,19930.0,AS,35759665.0,64013203,2017
597,2,20409.0,B6,58336161.0,99556083,2017
598,2,19790.0,DL,232594072.0,418711893,2017
599,2,21650.0,EE,439920.0,862243,2017
600,2,20366.0,EV,81082.0,232197,2017
601,2,20436.0,F9,16526900.0,26047170,2017
602,2,20107.0,FX,84828338.0,137737339,2017
603,2,20368.0,G4,14160937.0,25981537,2017
604,2,20166.0,GFQ,268116.0,597244,2017
605,2,20402.0,GL,570930.0,1273796,2017
606,2,19690.0,HA,18921063.0,30774106,2017
607,2,20310.0,K8,256150.0,186146,2017
608,2,20370.0,KAQ,2846293.0,5365009,2017
609,2,21629.0,KD,366045.0,753479,2017
610,2,21634.0,KH,406852.0,675557,2017
611,2,20372.0,KLQ,205184.0,476646,2017
612,2,20169.0,L2,122220.0,262670,2017
613,2,20151.0,M6,1646861.0,2970251,2017
614,2,20405.0,N8,891013.0,1904522,2017
615,2,20108.0,NC,347703.0,637568,2017
616,2,20416.0,NK,24596370.0,45333409,2017
617,2,20304.0,OO,5229066.0,10371801,2017
618,2,20177.0,PFQ,267200.0,559539,2017
619,2,20100.0,PO,13659238.0,22085547,2017
620,2,20422.0,SY,5660878.0,10983116,2017
621,2,20447.0,U7,267542.0,474553,2017
622,2,19977.0,UA,230552207.0,376303117,2017
623,2,21171.0,VX,13977260.0,22330825,2017
624,2,20287.0,WP,207976.0,367638,2017
625,2,20377.0,X9,3189352.0,5596314,2017
626,2,20207.0,XP,462446.0,920034,2017
627,2,20046.0,ZW,4302.0,13989,2017
628,2,19393.0,WN,146176836.0,269270544,2017
629,3,21161.0,09Q,636594.0,1568149,2017
630,3,21352.0,0WQ,27071.0,87410,2017
631,3,21492.0,1BQ,148706.0,839034,2017
632,3,20408.0,5V,428332.0,1000031,2017
633,3,19917.0,5X,67790000.0,105167000,2017
634,3,20007.0,5Y,31757150.0,58120920,2017
635,3,19874.0,8C,612181.0,1187478,2017
636,3,20190.0,9S,6384736.0,13407946,2017
637,3,19805.0,AA,297980337.0,470399431,2017
638,3,20453.0,ABX,24522.0,43887,2017
639,3,19930.0,AS,42521771.0,74943613,2017
640,3,20409.0,B6,67293849.0,112926057,2017
641,3,19790.0,DL,282647518.0,474280366,2017
642,3,21650.0,EE,520480.0,952478,2017
643,3,20366.0,EV,94607.0,257077,2017
644,3,20436.0,F9,18790131.0,28765881,2017
645,3,20107.0,FX,101281769.0,160026826,2017
646,3,20368.0,G4,18222665.0,32316022,2017
647,3,20166.0,GFQ,303908.0,641779,2017
648,3,20402.0,GL,786515.0,1801749,2017
649,3,19690.0,HA,21307977.0,33935069,2017
650,3,20310.0,K8,253687.0,133443,2017
651,3,20370.0,KAQ,3440566.0,6234741,2017
652,3,21629.0,KD,1600468.0,3156352,2017
653,3,21634.0,KH,447281.0,718601,2017
654,3,20372.0,KLQ,166560.0,377175,2017
655,3,20169.0,L2,136075.0,285150,2017
656,3,20151.0,M6,1834172.0,3198462,2017
657,3,20405.0,N8,1175172.0,2537172,2017
658,3,20108.0,NC,483373.0,849333,2017
659,3,20416.0,NK,27840616.0,48421086,2017
660,3,20304.0,OO,6327013.0,12209334,2017
661,3,20177.0,PFQ,281235.0,637370,2017
662,3,20100.0,PO,17897396.0,29178788,2017
663,3,20422.0,SY,6781024.0,12658665,2017
664,3,20447.0,U7,387063.0,663780,2017
665,3,19977.0,UA,274711210.0,441695391,2017
666,3,21171.0,VX,15989796.0,24747148,2017
667,3,20287.0,WP,254069.0,437911,2017
668,3,20377.0,X9,3096905.0,6098404,2017
669,3,20207.0,XP,607683.0,1208982,2017
670,3,20046.0,ZW,3417.0,11510,2017
671,3,19393.0,WN,178011428.0,319793282,2017
672,4,21161.0,09Q,439329.0,1123023,2017
673,4,21352.0,0WQ,24181.0,78587,2017
674,4,21492.0,1BQ,434772.0,799372,2017
675,4,20408.0,5V,334666.0,769912,2017
676,4,19917.0,5X,62534000.0,97018000,2017
677,4,20007.0,5Y,32716779.0,59001543,2017
678,4,19874.0,8C,597892.0,1136777,2017
679,4,20190.0,9S,6114526.0,12840504,2017
680,4,19805.0,AA,293519381.0,463057869,2017
681,4,20453.0,ABX,55914.0,95853,2017
682,4,19930.0,AS,41438274.0,73280450,2017
683,4,20409.0,B6,66754669.0,111403505,2017
684,4,19790.0,DL,276154416.0,467695114,2017
685,4,21650.0,EE,403600.0,750696,2017
686,4,20366.0,EV,100179.0,274593,2017
687,4,20436.0,F9,18652207.0,28618976,2017
688,4,20107.0,FX,93372724.0,147987000,2017
689,4,20368.0,G4,15957439.0,28584598,2017
690,4,20166.0,GFQ,204125.0,427513,2017
691,4,20402.0,GL,628025.0,1426351,2017
692,4,19690.0,HA,20592990.0,32611536,2017
693,4,20310.0,K8,215268.0,27465,2017
694,4,20370.0,KAQ,4203311.0,7901492,2017
695,4,21629.0,KD,988503.0,2094221,2017
696,4,21634.0,KH,427115.0,686737,2017
697,4,20372.0,KLQ,95918.0,219330,2017
698,4,20169.0,L2,158955.0,320239,2017
699,4,20151.0,M6,1620026.0,2847623,2017
700,4,20405.0,N8,1127142.0,2227304,2017
701,4,20108.0,NC,398710.0,708185,2017
702,4,20416.0,NK,27726318.0,48152344,2017
703,4,20304.0,OO,6298173.0,12295026,2017
704,4,20177.0,PFQ,260657.0,497855,2017
705,4,20100.0,PO,16841471.0,26556206,2017
706,4,20422.0,SY,5332266.0,10231860,2017
707,4,20447.0,U7,334392.0,578098,2017
708,4,19977.0,UA,269247055.0,428188923,2017
709,4,21171.0,VX,15959372.0,25178808,2017
710,4,20287.0,WP,264308.0,436117,2017
711,4,20377.0,X9,3119665.0,5729530,2017
712,4,20207.0,XP,424248.0,844040,2017
713,4,20046.0,ZW,6569.0,21186,2017
714,4,19393.0,WN,176661619.0,320122768,2017
715,5,21161.0,09Q,345104.0,887853,2017
716,5,21352.0,0WQ,20236.0,63541,2017
717,5,21492.0,1BQ,407884.0,888762,2017
718,5,20408.0,5V,432867.0,941077,2017
719,5,19917.0,5X,68074000.0,101275000,2017
720,5,20007.0,5Y,36604056.0,65165815,2017
721,5,19874.0,8C,627245.0,1203533,2017
722,5,20190.0,9S,6216970.0,13055637,2017
723,5,19805.0,AA,316861045.0,483472623,2017
724,5,20453.0,ABX,29271.0,48005,2017
725,5,19930.0,AS,42468870.0,71267705,2017
726,5,20409.0,B6,66782697.0,107305126,2017
727,5,19790.0,DL,297988933.0,505968071,2017
728,5,21650.0,EE,239920.0,417461,2017
729,5,20366.0,EV,104685.0,264323,2017
730,5,20436.0,F9,20112257.0,29205108,2017
731,5,20107.0,FX,95993283.0,145310421,2017
732,5,20368.0,G4,15460025.0,26166845,2017
733,5,20166.0,GFQ,428488.0,845057,2017
734,5,20402.0,GL,468363.0,1010263,2017
735,5,19690.0,HA,21576830.0,32841417,2017
736,5,20310.0,K8,235358.0,44422,2017
737,5,20370.0,KAQ,4345315.0,7755903,2017
738,5,21629.0,KD,2737032.0,5312917,2017
739,5,21634.0,KH,446198.0,685578,2017
740,5,20372.0,KLQ,265314.0,566479,2017
741,5,20169.0,L2,167770.0,348398,2017
742,5,20151.0,M6,1826508.0,3122054,2017
743,5,20405.0,N8,1296511.0,2545697,2017
744,5,20108.0,NC,398594.0,672293,2017
745,5,20416.0,NK,28240339.0,46221323,2017
746,5,20304.0,OO,6492944.0,12279100,2017
747,5,20177.0,PFQ,286157.0,545208,2017
748,5,20100.0,PO,15901253.0,25313612,2017
749,5,20422.0,SY,4128482.0,7763996,2017
750,5,20447.0,U7,581468.0,951913,2017
751,5,19977.0,UA,291602347.0,448315754,2017
752,5,21171.0,VX,17226228.0,25325142,2017
753,5,20195.0,WI,1657934.0,2862710,2017
754,5,20287.0,WP,246723.0,402073,2017
755,5,20377.0,X9,2772831.0,5146794,2017
756,5,20207.0,XP,429178.0,853848,2017
757,5,20046.0,ZW,9096.0,29646,2017
758,5,19393.0,WN,176809930.0,313718151,2017
759,6,21161.0,09Q,407501.0,668433,2017
760,6,21352.0,0WQ,21206.0,62770,2017
761,6,21492.0,1BQ,653120.0,1110889,2017
762,6,20408.0,5V,503565.0,1140102,2017
763,6,19917.0,5X,69020000.0,98757000,2017
764,6,20007.0,5Y,36142526.0,64591487,2017
765,6,19874.0,8C,617009.0,1202651,2017
766,6,20190.0,9S,6562085.0,13780379,2017
767,6,19805.0,AA,323711138.0,467529063,2017
768,6,20453.0,ABX,93272.0,143639,2017
769,6,19930.0,AS,43528091.0,71112095,2017
770,6,20409.0,B6,68337422.0,106336890,2017
771,6,19790.0,DL,321313848.0,526504440,2017
772,6,21650.0,EE,249760.0,419597,2017
773,6,20366.0,EV,14037.0,80785,2017
774,6,20436.0,F9,20723521.0,28633297,2017
775,6,20107.0,FX,96719275.0,140349000,2017
776,6,20368.0,G4,18440370.0,30242275,2017
777,6,20166.0,GFQ,503430.0,927481,2017
778,6,20402.0,GL,457985.0,1033516,2017
779,6,19690.0,HA,22336661.0,33069900,2017
780,6,20370.0,KAQ,3992915.0,7192045,2017
781,6,21634.0,KH,435471.0,650255,2017
782,6,20372.0,KLQ,309284.0,674235,2017
783,6,20169.0,L2,311281.0,652532,2017
784,6,20151.0,M6,2059940.0,3509585,2017
785,6,20405.0,N8,836365.0,1762106,2017
786,6,20108.0,NC,562388.0,955645,2017
787,6,20416.0,NK,30742430.0,47920280,2017
788,6,20304.0,OO,6696044.0,11958643,2017
789,6,20177.0,PFQ,271285.0,511364,2017
790,6,20100.0,PO,17146933.0,26312312,2017
791,6,20422.0,SY,4845043.0,8547452,2017
792,6,20447.0,U7,691036.0,1122688,2017
793,6,19977.0,UA,306364200.0,452298657,2017
794,6,21171.0,VX,17917675.0,25274977,2017
795,6,20195.0,WI,1689270.0,2882444,2017
796,6,20287.0,WP,352203.0,560715,2017
797,6,20377.0,X9,3157092.0,6346101,2017
798,6,20207.0,XP,259711.0,516694,2017
799,6,20046.0,ZW,5082.0,15632,2017
800,6,19393.0,WN,183004072.0,308989857,2017
801,7,21161.0,09Q,361999.0,841650,2017
802,7,21352.0,0WQ,26331.0,78467,2017
803,7,21492.0,1BQ,630245.0,1055201,2017
804,7,20408.0,5V,503327.0,1038493,2017
805,7,19917.0,5X,67243000.0,96297000,2017
806,7,20007.0,5Y,38458246.0,63567341,2017
807,7,19874.0,8C,623150.0,1199204,2017
808,7,20190.0,9S,6709429.0,14089801,2017
809,7,19805.0,AA,338445228.0,492481518,2017
810,7,20453.0,ABX,35785.0,64195,2017
811,7,19930.0,AS,45137382.0,74880696,2017
812,7,20409.0,B6,73698512.0,115031818,2017
813,7,19790.0,DL,336013082.0,558943709,2017
814,7,21650.0,EE,280480.0,468401,2017
815,7,20366.0,EV,108679.0,75814,2017
816,7,20436.0,F9,22292839.0,31189729,2017
817,7,20107.0,FX,92766262.0,135898000,2017
818,7,20368.0,G4,18881989.0,31523539,2017
819,7,20166.0,GFQ,333892.0,729503,2017
820,7,20402.0,GL,405223.0,922795,2017
821,7,19690.0,HA,22875940.0,33777714,2017
822,7,20370.0,KAQ,5673017.0,9830264,2017
823,7,21629.0,KD,1993708.0,4427514,2017
824,7,21634.0,KH,414024.0,614620,2017
825,7,20372.0,KLQ,114339.0,246655,2017
826,7,20169.0,L2,315006.0,648926,2017
827,7,20151.0,M6,1831679.0,3002704,2017
828,7,20405.0,N8,527273.0,1091312,2017
829,7,20108.0,NC,567281.0,951386,2017
830,7,20416.0,NK,31993643.0,50680220,2017
831,7,20304.0,OO,6863914.0,12687143,2017
832,7,20177.0,PFQ,303964.0,546956,2017
833,7,20100.0,PO,16771423.0,25579664,2017
834,7,20422.0,SY,5363474.0,9532980,2017
835,7,20447.0,U7,487672.0,779342,2017
836,7,19977.0,UA,321423462.0,470835673,2017
837,7,21171.0,VX,18541792.0,27421885,2017
838,7,20195.0,WI,1447168.0,2450131,2017
839,7,20310.0,WL,312284.0,235970,2017
840,7,20287.0,WP,418321.0,656047,2017
841,7,20377.0,X9,3627226.0,6952013,2017
842,7,20207.0,XP,626693.0,1246803,2017
843,7,20046.0,ZW,7268.0,22107,2017
844,7,19393.0,WN,189005940.0,320098115,2017
845,8,21161.0,09Q,390006.0,962108,2017
846,8,21352.0,0WQ,26496.0,83247,2017
847,8,20408.0,5V,511710.0,1163194,2017
848,8,19917.0,5X,72573000.0,116518000,2017
849,8,20007.0,5Y,38144004.0,67166799,2017
850,8,19874.0,8C,686730.0,1236144,2017
851,8,20190.0,9S,6585979.0,13830556,2017
852,8,19805.0,AA,331667373.0,519928131,2017
853,8,20453.0,ABX,62859.0,104976,2017
854,8,19930.0,AS,44708656.0,79457576,2017
855,8,20409.0,B6,72953838.0,123839332,2017
856,8,19790.0,DL,335216652.0,535785231,2017
857,8,21650.0,EE,263040.0,465581,2017
858,8,20366.0,EV,4676.0,38986,2017
859,8,20436.0,F9,21545784.0,33609689,2017
860,8,20107.0,FX,101753303.0,161836000,2017
861,8,20368.0,G4,14662825.0,26759574,2017
862,8,20166.0,GFQ,395929.0,864404,2017
863,8,20402.0,GL,344266.0,804533,2017
864,8,19690.0,HA,22835410.0,35924511,2017
865,8,20370.0,KAQ,3980418.0,7562496,2017
866,8,21629.0,KD,1911288.0,3447853,2017
867,8,21634.0,KH,456380.0,723672,2017
868,8,20372.0,KLQ,257837.0,591710,2017
869,8,20169.0,L2,212215.0,468035,2017
870,8,20151.0,M6,1848240.0,3351106,2017
871,8,20405.0,N8,890920.0,1788601,2017
872,8,20108.0,NC,588708.0,1048690,2017
873,8,20416.0,NK,32148544.0,56709989,2017
874,8,20304.0,OO,6940229.0,13771223,2017
875,8,20177.0,PFQ,340458.0,627850,2017
876,8,20100.0,PO,16478618.0,25508581,2017
877,8,20422.0,SY,4833996.0,9381171,2017
878,8,20447.0,U7,506407.0,907753,2017
879,8,19977.0,UA,311521193.0,493460968,2017
880,8,21171.0,VX,18440655.0,29785921,2017
881,8,20195.0,WI,1480026.0,2778304,2017
882,8,20287.0,WP,353451.0,589892,2017
883,8,20377.0,X9,2627254.0,5114575,2017
884,8,20207.0,XP,282469.0,561971,2017
885,8,20046.0,ZW,11462.0,34733,2017
886,8,19393.0,WN,178563862.0,327136102,2017
887,9,21161.0,09Q,560959.0,1389748,2017
888,9,21352.0,0WQ,25164.0,81724,2017
889,9,21492.0,1BQ,327658.0,680078,2017
890,9,20408.0,5V,409738.0,1014181,2017
891,9,19917.0,5X,66789000.0,117178000,2017
892,9,20007.0,5Y,40343628.0,71943003,2017
893,9,19874.0,8C,557085.0,1083370,2017
894,9,20190.0,9S,6678165.0,13394146,2017
895,9,19805.0,AA,277280454.0,474298088,2017
896,9,20453.0,ABX,79338.0,149869,2017
897,9,19930.0,AS,39374312.0,76698940,2017
898,9,20409.0,B6,58109658.0,108032141,2017
899,9,19790.0,DL,283484031.0,498229067,2017
900,9,21650.0,EE,30960.0,54800,2017
901,9,20366.0,EV,3367.0,33702,2017
902,9,20436.0,F9,19609531.0,34497527,2017
903,9,20107.0,FX,95801784.0,167707000,2017
904,9,20368.0,G4,10801631.0,21836029,2017
905,9,20166.0,GFQ,488408.0,1226004,2017
906,9,20402.0,GL,595069.0,1502448,2017
907,9,19690.0,HA,21448120.0,35746649,2017
908,9,20370.0,KAQ,5622529.0,11011090,2017
909,9,21629.0,KD,2368002.0,4548958,2017
910,9,21634.0,KH,394002.0,657113,2017
911,9,20372.0,KLQ,212898.0,507247,2017
912,9,20169.0,L2,247765.0,592608,2017
913,9,20151.0,M6,1676743.0,3454333,2017
914,9,20405.0,N8,904736.0,2186556,2017
915,9,20108.0,NC,515535.0,1015928,2017
916,9,20416.0,NK,26132007.0,50909978,2017
917,9,20304.0,OO,7301761.0,15464047,2017
918,9,20177.0,PFQ,351710.0,676757,2017
919,9,20100.0,PO,16463203.0,27007840,2017
920,9,20422.0,SY,3582944.0,7984155,2017
921,9,20447.0,U7,605887.0,1194348,2017
922,9,19977.0,UA,276441283.0,478835917,2017
923,9,21171.0,VX,16946394.0,30376204,2017
924,9,20195.0,WI,1236048.0,2525795,2017
925,9,20310.0,WL,312284.0,424373,2017
926,9,20287.0,WP,251788.0,435924,2017
927,9,20377.0,X9,2944213.0,5414709,2017
928,9,20207.0,XP,330096.0,656723,2017
929,9,20046.0,ZW,14821.0,49176,2017
930,9,19393.0,WN,154648357.0,303063218,2017
931,10,21161.0,09Q,1551834.0,3400180,2017
932,10,21352.0,0WQ,30474.0,94774,2017
933,10,21492.0,1BQ,111378.0,330754,2017
934,10,20408.0,5V,422285.0,1196540,2017
935,10,19917.0,5X,72089000.0,125884000,2017
936,10,20007.0,5Y,41911121.0,76444565,2017
937,10,19874.0,8C,700976.0,1468415,2017
938,10,20190.0,9S,6405491.0,13451531,2017
939,10,19805.0,AA,301099617.0,523911775,2017
940,10,20453.0,ABX,77495.0,150339,2017
941,10,19930.0,AS,40472631.0,78038953,2017
942,10,20409.0,B6,63731813.0,117338300,2017
943,10,19790.0,DL,290657760.0,552229834,2017
944,10,20436.0,F9,21509022.0,37093695,2017
945,10,20107.0,FX,98566651.0,172101000,2017
946,10,20368.0,G4,14985776.0,29388053,2017
947,10,20166.0,GFQ,498862.0,1229806,2017
948,10,20402.0,GL,730406.0,1724956,2017
949,10,19690.0,HA,22055390.0,37764424,2017
950,10,20370.0,KAQ,5051611.0,10184415,2017
951,10,21629.0,KD,2580174.0,5035964,2017
952,10,21634.0,KH,420655.0,723831,2017
953,10,20372.0,KLQ,275368.0,705512,2017
954,10,20169.0,L2,210736.0,529608,2017
955,10,20151.0,M6,2401629.0,4751900,2017
956,10,20405.0,N8,862490.0,1967599,2017
957,10,20108.0,NC,571000.0,1145084,2017
958,10,20416.0,NK,29291989.0,55850185,2017
959,10,20304.0,OO,7731794.0,16345559,2017
960,10,20177.0,PFQ,294627.0,603745,2017
961,10,20100.0,PO,15675021.0,26803327,2017
962,10,20422.0,SY,4339195.0,9293383,2017
963,10,20447.0,U7,502060.0,1139650,2017
964,10,19977.0,UA,283413257.0,499141199,2017
965,10,21171.0,VX,18531212.0,32127338,2017
966,10,20195.0,WI,2044190.0,4193979,2017
967,10,20310.0,WL,263000.0,682820,2017
968,10,20377.0,X9,4107690.0,8424616,2017
969,10,20046.0,ZW,12882.0,43480,2017
970,10,19393.0,WN,166045635.0,321385705,2017
971,11,21161.0,09Q,700289.0,2162165,2017
972,11,21352.0,0WQ,22294.0,72053,2017
973,11,21492.0,1BQ,101869.0,221791,2017
974,11,20408.0,5V,400500.0,1100686,2017
975,11,19917.0,5X,79298000.0,143808000,2017
976,11,20007.0,5Y,43157610.0,80592769,2017
977,11,19874.0,8C,700138.0,1494839,2017
978,11,20190.0,9S,6614197.0,13889814,2017
979,11,19805.0,AA,268463191.0,479414257,2017
980,11,20453.0,ABX,80700.0,151216,2017
981,11,19930.0,AS,40500606.0,81797606,2017
982,11,20409.0,B6,62830254.0,117915059,2017
983,11,19790.0,DL,255869239.0,495375994,2017
984,11,20366.0,EV,2639.0,32347,2017
985,11,20436.0,F9,21041441.0,37427617,2017
986,11,20107.0,FX,103025938.0,187676188,2017
987,11,20368.0,G4,14363349.0,29280166,2017
988,11,20166.0,GFQ,422386.0,1004943,2017
989,11,20402.0,GL,726877.0,1828707,2017
990,11,19690.0,HA,21601109.0,38826574,2017
991,11,20370.0,KAQ,5538633.0,10798598,2017
992,11,21629.0,KD,3750732.0,5860951,2017
993,11,21634.0,KH,434131.0,792696,2017
994,11,20372.0,KLQ,327692.0,826211,2017
995,11,20169.0,L2,232131.0,593468,2017
996,11,20151.0,M6,2100622.0,4205645,2017
997,11,20405.0,N8,338310.0,812895,2017
998,11,20108.0,NC,484949.0,1036586,2017
999,11,20416.0,NK,29148741.0,57269753,2017
1000,11,20304.0,OO,7368010.0,16037156,2017
1001,11,20177.0,PFQ,285432.0,608385,2017
1002,11,20100.0,PO,17351438.0,30034492,2017
1003,11,20422.0,SY,4676818.0,10194308,2017
1004,11,20447.0,U7,650908.0,1297325,2017
1005,11,19977.0,UA,261366894.0,472662190,2017
1006,11,21171.0,VX,18285074.0,33333397,2017
1007,11,20195.0,WI,2122549.0,4404950,2017
1008,11,20310.0,WL,100314.0,404517,2017
1009,11,20377.0,X9,2805784.0,6062937,2017
1010,11,20207.0,XP,509360.0,1363466,2017
1011,11,20046.0,ZW,12089.0,41322,2017
1012,11,19393.0,WN,165736626.0,328019614,2017
1013,12,21161.0,09Q,1098781.0,2521632,2017
1014,12,21352.0,0WQ,14504.0,49895,2017
1015,12,20408.0,5V,347211.0,906200,2017
1016,12,19917.0,5X,83469000.0,157174000,2017
1017,12,20007.0,5Y,42003639.0,81657289,2017
1018,12,19874.0,8C,766493.0,1713994,2017
1019,12,20190.0,9S,6750833.0,14176750,2017
1020,12,19805.0,AA,296899904.0,551494299,2017
1021,12,20453.0,ABX,39054.0,81623,2017
1022,12,19930.0,AS,43156895.0,88948501,2017
1023,12,20409.0,B6,67877148.0,132928875,2017
1024,12,19790.0,DL,268005821.0,527198403,2017
1025,12,20436.0,F9,22205074.0,41295962,2017
1026,12,20107.0,FX,109744410.0,205450810,2017
1027,12,20368.0,G4,16159401.0,33597781,2017
1028,12,20166.0,GFQ,188435.0,445801,2017
1029,12,20402.0,GL,533403.0,1417382,2017
1030,12,19690.0,HA,22876656.0,42395918,2017
1031,12,20370.0,KAQ,5326362.0,10406976,2017
1032,12,21629.0,KD,1355011.0,2941903,2017
1033,12,21634.0,KH,497855.0,932356,2017
1034,12,20372.0,KLQ,174519.0,417702,2017
1035,12,20169.0,L2,244274.0,638578,2017
1036,12,20151.0,M6,2176853.0,4499969,2017
1037,12,20405.0,N8,257600.0,596570,2017
1038,12,20108.0,NC,461368.0,954376,2017
1039,12,20416.0,NK,30397723.0,62085290,2017
1040,12,20304.0,OO,7379409.0,16611712,2017
1041,12,20177.0,PFQ,402089.0,883320,2017
1042,12,20100.0,PO,17800579.0,32913491,2017
1043,12,20422.0,SY,5613099.0,11452586,2017
1044,12,20447.0,U7,810579.0,1626572,2017
1045,12,19977.0,UA,274749231.0,515408590,2017
1046,12,21171.0,VX,18871240.0,35285500,2017
1047,12,20195.0,WI,1921519.0,4076070,2017
1048,12,20377.0,X9,1949379.0,3840029,2017
1049,12,20207.0,XP,466805.0,1167237,2017
1050,12,20046.0,ZW,43910.0,145002,2017
1051,12,19393.0,WN,169715224.0,329997258,2017
1052,1,21236.0,0JQ,133825.0,378219,2015
1053,1,21352.0,0WQ,172998.0,576289,2015
1054,1,20408.0,5V,312227.0,940115,2015
1055,1,19917.0,5X,59698000.0,100605000,2015
1056,1,20007.0,5Y,25753495.0,60662588,2015
1057,1,19874.0,8C,677344.0,2306709,2015
1058,1,20190.0,9S,3922432.0,14199204,2015
1059,1,19805.0,AA,199989023.0,351121741,2015
1060,1,20453.0,ABX,25773.0,47791,2015
1061,1,19930.0,AS,34289533.0,67948243,2015
1062,1,20409.0,B6,54865666.0,110873045,2015
1063,1,19790.0,DL,257516542.0,644186514,2015
1064,1,20366.0,EV,102060.0,323056,2015
1065,1,20436.0,F9,14970324.0,27869255,2015
1066,1,20203.0,FCQ,114398.0,265402,2015
1067,1,20107.0,FX,92522570.0,168126000,2015
1068,1,20368.0,G4,10542221.0,20000259,2015
1069,1,20166.0,GFQ,163631.0,376716,2015
1070,1,20402.0,GL,681942.0,1633594,2015
1071,1,19690.0,HA,19847972.0,38346304,2015
1072,1,20310.0,K8,188404.0,361733,2015
1073,1,20370.0,KAQ,2416631.0,5061770,2015
1074,1,21629.0,KD,45079.0,109920,2015
1075,1,21634.0,KH,469255.0,790721,2015
1076,1,20372.0,KLQ,140872.0,328960,2015
1077,1,20169.0,L2,101851.0,229402,2015
1078,1,20151.0,M6,1691365.0,3031187,2015
1079,1,20405.0,MRQ,410414.0,1264265,2015
1080,1,20108.0,NC,329481.0,606305,2015
1081,1,20416.0,NK,19040521.0,38303790,2015
1082,1,20304.0,OO,4128871.0,8969786,2015
1083,1,20177.0,PFQ,332961.0,862055,2015
1084,1,20100.0,PO,14354678.0,26586358,2015
1085,1,20448.0,S5,6301599.0,10206564,2015
1086,1,20422.0,SY,4829658.0,9151441,2015
1087,1,20447.0,U7,244678.0,438303,2015
1088,1,19977.0,UA,245789377.0,448829702,2015
1089,1,20355.0,US,88316163.0,154669307,2015
1090,1,21171.0,VX,12594236.0,24134804,2015
1091,1,20308.0,WE,354916.0,589170,2015
1092,1,20287.0,WP,150568.0,328845,2015
1093,1,20377.0,X9,2796447.0,8940992,2015
1094,1,20207.0,XP,272179.0,939017,2015
1095,1,20452.0,YX,13863113.0,24606382,2015
1096,1,20046.0,ZW,6472639.0,13048498,2015
1097,1,19393.0,WN,143446711.0,279129033,2015
1098,2,21236.0,0JQ,114636.0,287017,2015
1099,2,21352.0,0WQ,150009.0,499921,2015
1100,2,20408.0,5V,298662.0,811576,2015
1101,2,19917.0,5X,54195000.0,90804000,2015
1102,2,20007.0,5Y,26464766.0,58478002,2015
1103,2,19874.0,8C,638245.0,1942612,2015
1104,2,20190.0,9S,4514024.0,16340767,2015
1105,2,19805.0,AA,177015380.0,309871178,2015
1106,2,20453.0,ABX,61286.0,131055,2015
1107,2,19930.0,AS,31180227.0,61030688,2015
1108,2,20409.0,B6,49577711.0,101212197,2015
1109,2,19790.0,DL,233335396.0,1032522756,2015
1110,2,20366.0,EV,86846.0,261655,2015
1111,2,20436.0,F9,13364124.0,25197719,2015
1112,2,20203.0,FCQ,36398.0,97551,2015
1113,2,20107.0,FX,86405903.0,148862000,2015
1114,2,20368.0,G4,10759142.0,21141186,2015
1115,2,20166.0,GFQ,356400.0,886121,2015
1116,2,20402.0,GL,544764.0,1370623,2015
1117,2,19690.0,HA,17799491.0,31857916,2015
1118,2,20310.0,K8,242224.0,465874,2015
1119,2,20370.0,KAQ,4882305.0,9021947,2015
1120,2,21634.0,KH,403514.0,710735,2015
1121,2,20372.0,KLQ,225442.0,551412,2015
1122,2,20169.0,L2,113361.0,285725,2015
1123,2,20151.0,M6,1673605.0,3224854,2015
1124,2,20405.0,MRQ,932050.0,2522478,2015
1125,2,20108.0,NC,346870.0,676650,2015
1126,2,20416.0,NK,17589928.0,28831121,2015
1127,2,20304.0,OO,3725601.0,8198360,2015
1128,2,20177.0,PFQ,328123.0,796900,2015
1129,2,20100.0,PO,12424398.0,21240919,2015
1130,2,20448.0,S5,5497778.0,9620083,2015
1131,2,20422.0,SY,4954726.0,9785095,2015
1132,2,20447.0,U7,292392.0,550383,2015
1133,2,19977.0,UA,222441554.0,381679345,2015
1134,2,20355.0,US,78300195.0,132096434,2015
1135,2,21171.0,VX,11028103.0,20096856,2015
1136,2,20308.0,WE,416683.0,704291,2015
1137,2,20287.0,WP,142475.0,290526,2015
1138,2,20377.0,X9,2644887.0,7635920,2015
1139,2,20207.0,XP,305476.0,873661,2015
1140,2,20452.0,YX,12748014.0,22851411,2015
1141,2,20046.0,ZW,5878909.0,11422884,2015
1142,2,19393.0,WN,128520220.0,248082083,2015
1143,3,21236.0,0JQ,149766.0,384513,2015
1144,3,21352.0,0WQ,188301.0,608399,2015
1145,3,20408.0,5V,388170.0,946972,2015
1146,3,19917.0,5X,59868000.0,104845000,2015
1147,3,20007.0,5Y,32395477.0,72858468,2015
1148,3,19874.0,8C,734945.0,2271077,2015
1149,3,20190.0,9S,5289768.0,19148960,2015
1150,3,19805.0,AA,207126152.0,370033171,2015
1151,3,20453.0,ABX,37579.0,101799,2015
1152,3,19930.0,AS,37518963.0,75381419,2015
1153,3,20409.0,B6,58064503.0,122733998,2015
1154,3,19790.0,DL,282710444.0,747258081,2015
1155,3,20366.0,EV,86925.0,276920,2015
1156,3,20436.0,F9,15364973.0,30723371,2015
1157,3,20203.0,FCQ,169651.0,623800,2015
1158,3,20107.0,FX,93340611.0,183343000,2015
1159,3,20368.0,G4,14700823.0,29624417,2015
1160,3,20166.0,GFQ,299891.0,725523,2015
1161,3,20402.0,GL,700135.0,1849686,2015
1162,3,19690.0,HA,19350510.0,36759074,2015
1163,3,20310.0,K8,262477.0,492641,2015
1164,3,20370.0,KAQ,5769488.0,11184850,2015
1165,3,21634.0,KH,419295.0,754295,2015
1166,3,20372.0,KLQ,225923.0,530585,2015
1167,3,20169.0,L2,116240.0,296805,2015
1168,3,20151.0,M6,1931649.0,3781574,2015
1169,3,20405.0,MRQ,596769.0,1373110,2015
1170,3,20108.0,NC,534148.0,1068610,2015
1171,3,20416.0,NK,20092769.0,45290362,2015
1172,3,20304.0,OO,4113954.0,9230330,2015
1173,3,20177.0,PFQ,329495.0,847818,2015
1174,3,20100.0,PO,14652788.0,26856714,2015
1175,3,20448.0,S5,6434762.0,11218963,2015
1176,3,20422.0,SY,5877939.0,11823480,2015
1177,3,20447.0,U7,486451.0,927362,2015
1178,3,19977.0,UA,268189430.0,494298972,2015
1179,3,20355.0,US,95131575.0,167220308,2015
1180,3,21171.0,VX,13403533.0,23640648,2015
1181,3,20308.0,WE,827829.0,1433363,2015
1182,3,20287.0,WP,155602.0,305469,2015
1183,3,20377.0,X9,2026283.0,6615222,2015
1184,3,20207.0,XP,382536.0,1258542,2015
1185,3,20452.0,YX,14890099.0,26937693,2015
1186,3,20046.0,ZW,6624096.0,12971802,2015
1187,3,19393.0,WN,163113579.0,306618486,2015
1188,4,21236.0,0JQ,41992.0,97169,2015
1189,4,21352.0,0WQ,265278.0,799192,2015
1190,4,20408.0,5V,417446.0,1054120,2015
1191,4,19917.0,5X,60672000.0,102899000,2015
1192,4,20007.0,5Y,31568262.0,72922748,2015
1193,4,19874.0,8C,852865.0,2575768,2015
1194,4,20190.0,9S,4881042.0,17669372,2015
1195,4,19805.0,AA,203505557.0,352802765,2015
1196,4,20453.0,ABX,52597.0,139151,2015
1197,4,19930.0,AS,35882825.0,70494201,2015
1198,4,20409.0,B6,57363395.0,115638233,2015
1199,4,19790.0,DL,277118620.0,688094075,2015
1200,4,20366.0,EV,103937.0,279676,2015
1201,4,20436.0,F9,15227014.0,29015210,2015
1202,4,20107.0,FX,93297251.0,179332000,2015
1203,4,20368.0,G4,12232341.0,23788422,2015
1204,4,20166.0,GFQ,162682.0,372605,2015
1205,4,20402.0,GL,623927.0,1530620,2015
1206,4,19690.0,HA,18281495.0,31763253,2015
1207,4,20310.0,K8,239642.0,413944,2015
1208,4,20370.0,KAQ,3280106.0,6372325,2015
1209,4,21634.0,KH,432138.0,813287,2015
1210,4,20372.0,KLQ,116938.0,274916,2015
1211,4,20169.0,L2,195715.0,436017,2015
1212,4,20151.0,M6,1817657.0,3505418,2015
1213,4,20405.0,MRQ,1604979.0,4432422,2015
1214,4,20108.0,NC,460887.0,924252,2015
1215,4,20416.0,NK,20331870.0,36494638,2015
1216,4,20304.0,OO,4221329.0,9037596,2015
1217,4,20177.0,PFQ,249109.0,621392,2015
1218,4,20100.0,PO,14330377.0,25296061,2015
1219,4,20448.0,S5,6162438.0,10600900,2015
1220,4,20422.0,SY,4418863.0,8506082,2015
1221,4,20447.0,U7,300701.0,556046,2015
1222,4,19977.0,UA,261169265.0,459085674,2015
1223,4,20355.0,US,94767804.0,161932791,2015
1224,4,21171.0,VX,13807964.0,23771279,2015
1225,4,20308.0,WE,1108458.0,1792151,2015
1226,4,20287.0,WP,139183.0,260896,2015
1227,4,20377.0,X9,2890980.0,9494662,2015
1228,4,20207.0,XP,271504.0,627175,2015
1229,4,20452.0,YX,14753451.0,26091310,2015
1230,4,20046.0,ZW,6694082.0,12946971,2015
1231,4,19393.0,WN,160521743.0,294667617,2015
1232,5,21236.0,0JQ,117980.0,296130,2015
1233,5,21352.0,0WQ,184194.0,629254,2015
1234,5,20408.0,5V,441576.0,1274853,2015
1235,5,19917.0,5X,58414000.0,108911000,2015
1236,5,20007.0,5Y,31243883.0,75057352,2015
1237,5,19874.0,8C,849334.0,2534259,2015
1238,5,20190.0,9S,5117795.0,18526417,2015
1239,5,19805.0,AA,212416201.0,397241638,2015
1240,5,20453.0,ABX,43151.0,148008,2015
1241,5,19930.0,AS,36409301.0,82267732,2015
1242,5,20409.0,B6,57258465.0,127249027,2015
1243,5,19790.0,DL,292917532.0,726936793,2015
1244,5,20366.0,EV,92303.0,326977,2015
1245,5,20436.0,F9,16821545.0,35043475,2015
1246,5,20107.0,FX,90621506.0,191769000,2015
1247,5,20368.0,G4,11747610.0,26089990,2015
1248,5,20166.0,GFQ,293388.0,735173,2015
1249,5,20402.0,GL,447947.0,1177628,2015
1250,5,19690.0,HA,19681745.0,37837919,2015
1251,5,20310.0,K8,279150.0,501300,2015
1252,5,20370.0,KAQ,4148479.0,8236796,2015
1253,5,21629.0,KD,29333.0,29333,2015
1254,5,21634.0,KH,414753.0,802122,2015
1255,5,20372.0,KLQ,203321.0,530650,2015
1256,5,20169.0,L2,199054.0,602639,2015
1257,5,20151.0,M6,2090800.0,4424192,2015
1258,5,20405.0,MRQ,391218.0,1008271,2015
1259,5,20108.0,NC,563865.0,1325010,2015
1260,5,20416.0,NK,21818540.0,47928866,2015
1261,5,20304.0,OO,4399711.0,10860706,2015
1262,5,20177.0,PFQ,297982.0,745308,2015
1263,5,20100.0,PO,14982233.0,28188541,2015
1264,5,20448.0,S5,6339654.0,12140525,2015
1265,5,20422.0,SY,4085455.0,8764207,2015
1266,5,20447.0,U7,419512.0,857138,2015
1267,5,19977.0,UA,281041608.0,541121316,2015
1268,5,20355.0,US,102807684.0,188970134,2015
1269,5,21171.0,VX,14411264.0,28123860,2015
1270,5,20308.0,WE,884689.0,1778942,2015
1271,5,20287.0,WP,153319.0,316247,2015
1272,5,20377.0,X9,2693590.0,8812000,2015
1273,5,20207.0,XP,318707.0,831826,2015
1274,5,20452.0,YX,14720553.0,28082523,2015
1275,5,20046.0,ZW,6847837.0,13689513,2015
1276,5,19393.0,WN,163746302.0,329765173,2015
1277,6,21236.0,0JQ,74738.0,238538,2015
1278,6,21352.0,0WQ,185771.0,605056,2015
1279,9,20190.0,9S,5223428.0,18908810,2015
1280,6,20408.0,5V,441205.0,1256215,2015
1281,6,19917.0,5X,59915000.0,109371000,2015
1282,6,20007.0,5Y,30015537.0,74814353,2015
1283,6,19874.0,8C,705831.0,2176232,2015
1284,6,20190.0,9S,5079857.0,18389081,2015
1285,6,19805.0,AA,214108956.0,399212661,2015
1286,6,20453.0,ABX,163837.0,437255,2015
1287,6,19930.0,AS,37408359.0,81707294,2015
1288,6,20409.0,B6,59381765.0,128457811,2015
1289,6,19790.0,DL,309368932.0,762448424,2015
1290,6,20366.0,EV,96355.0,326425,2015
1291,6,20436.0,F9,16727512.0,31449921,2015
1292,6,20107.0,FX,88825884.0,176853000,2015
1293,6,20368.0,G4,14380696.0,30189211,2015
1294,6,20166.0,GFQ,386719.0,943597,2015
1295,6,20402.0,GL,543154.0,1381458,2015
1296,6,19690.0,HA,20034824.0,38268114,2015
1297,6,20310.0,K8,449031.0,1018944,2015
1298,6,20370.0,KAQ,3675460.0,7783803,2015
1299,6,21629.0,KD,25547.0,25547,2015
1300,6,21634.0,KH,448352.0,845554,2015
1301,6,20372.0,KLQ,254185.0,639890,2015
1302,6,20169.0,L2,153039.0,393288,2015
1303,6,20151.0,M6,2278489.0,4632916,2015
1304,6,20405.0,MRQ,339832.0,871355,2015
1305,6,20108.0,NC,652296.0,1406216,2015
1306,6,20416.0,NK,20923341.0,43090936,2015
1307,6,20304.0,OO,4386900.0,10364644,2015
1308,6,20177.0,PFQ,305329.0,787334,2015
1309,6,20100.0,PO,15224951.0,29506020,2015
1310,6,20448.0,S5,6398211.0,11612385,2015
1311,6,20422.0,SY,4587213.0,9300119,2015
1312,6,20447.0,U7,463401.0,921016,2015
1313,6,19977.0,UA,290796314.0,555256568,2015
1314,6,20355.0,US,107949448.0,202677995,2015
1315,6,21171.0,VX,14695842.0,27302521,2015
1316,6,20308.0,WE,705238.0,1489459,2015
1317,6,20287.0,WP,80875.0,166887,2015
1318,6,20377.0,X9,2782806.0,8902996,2015
1319,6,20207.0,XP,509318.0,1329320,2015
1320,6,20452.0,YX,14666877.0,27550924,2015
1321,6,20046.0,ZW,6925613.0,14090303,2015
1322,6,19393.0,WN,169218120.0,333037370,2015
1323,7,21236.0,0JQ,135175.0,468104,2015
1324,7,21352.0,0WQ,214607.0,656298,2015
1325,7,20408.0,5V,452761.0,1144450,2015
1326,7,19917.0,5X,63273000.0,108321000,2015
1327,7,20007.0,5Y,27228949.0,66508294,2015
1328,7,19874.0,8C,855219.0,2685989,2015
1329,7,20190.0,9S,5074207.0,18368629,2015
1330,7,19805.0,AA,334771274.0,580459082,2015
1331,7,20453.0,ABX,16240.0,52942,2015
1332,7,19930.0,AS,39261441.0,78346872,2015
1333,7,20409.0,B6,65428178.0,128507248,2015
1334,7,19790.0,DL,328391577.0,639035410,2015
1335,7,20366.0,EV,106408.0,315492,2015
1336,7,20436.0,F9,17161435.0,32571491,2015
1337,7,20107.0,FX,94388028.0,157398000,2015
1338,7,20368.0,G4,16007770.0,31277339,2015
1339,7,20166.0,GFQ,168974.0,386612,2015
1340,7,20402.0,GL,622112.0,1419971,2015
1341,7,19690.0,HA,21092541.0,37618693,2015
1342,7,20310.0,K8,466806.0,1063399,2015
1343,7,20370.0,KAQ,2284442.0,5556493,2015
1344,7,21629.0,KD,18317.0,18317,2015
1345,7,21634.0,KH,422110.0,731821,2015
1346,7,20372.0,KLQ,131742.0,300055,2015
1347,7,20169.0,L2,244628.0,509729,2015
1348,7,20151.0,M6,2041035.0,3847224,2015
1349,7,20405.0,MRQ,840221.0,7326434,2015
1350,7,20108.0,NC,568049.0,1110307,2015
1351,7,20416.0,NK,22618458.0,42299858,2015
1352,7,20304.0,OO,5077358.0,11266087,2015
1353,7,20177.0,PFQ,281808.0,695908,2015
1354,7,20100.0,PO,14539906.0,27220294,2015
1355,7,20448.0,S5,6954432.0,11676632,2015
1356,7,20422.0,SY,4598092.0,8800741,2015
1357,7,20447.0,U7,323655.0,586920,2015
1358,7,19977.0,UA,303569764.0,539559041,2015
1359,7,21171.0,VX,15236737.0,26948360,2015
1360,7,20308.0,WE,1457996.0,2814939,2015
1361,7,20287.0,WP,96694.0,186483,2015
1362,7,20377.0,X9,2915170.0,8845554,2015
1363,7,20207.0,XP,490417.0,1279989,2015
1364,7,20452.0,YX,15430476.0,27154965,2015
1365,7,20046.0,ZW,7237519.0,14134661,2015
1366,7,19393.0,WN,177917461.0,337866884,2015
1367,8,21236.0,0JQ,39676.0,62334,2015
1368,8,21352.0,0WQ,162806.0,489623,2015
1369,8,20408.0,5V,390175.0,955898,2015
1370,8,19917.0,5X,60452000.0,92070000,2015
1371,8,20007.0,5Y,35702518.0,80900685,2015
1372,8,19874.0,8C,796103.0,2335231,2015
1373,8,20190.0,9S,5388904.0,19507832,2015
1374,8,19805.0,AA,327066559.0,518931892,2015
1375,8,20453.0,ABX,46663.0,108224,2015
1376,8,19930.0,AS,39206246.0,69336410,2015
1377,8,20409.0,B6,64992149.0,117255997,2015
1378,8,19790.0,DL,329584040.0,603720416,2015
1379,8,20366.0,EV,93692.0,242305,2015
1380,8,20436.0,F9,16890270.0,29042090,2015
1381,8,20107.0,FX,88394637.0,132252000,2015
1382,8,20368.0,G4,12825543.0,22762439,2015
1383,8,20166.0,GFQ,380804.0,823835,2015
1384,8,20402.0,GL,586305.0,1334818,2015
1385,8,19690.0,HA,21083133.0,34437307,2015
1386,8,20310.0,K8,384638.0,760446,2015
1387,8,20370.0,KAQ,2177996.0,4459447,2015
1388,8,21629.0,KD,111859.0,111859,2015
1389,8,21634.0,KH,435947.0,659061,2015
1390,8,20372.0,KLQ,239031.0,512182,2015
1391,8,20169.0,L2,200673.0,495425,2015
1392,8,20151.0,M6,1855787.0,3147102,2015
1393,8,20405.0,MRQ,857599.0,2217327,2015
1394,8,20108.0,NC,615573.0,1116691,2015
1395,8,20416.0,NK,23634074.0,39375326,2015
1396,8,20304.0,OO,5152349.0,10273097,2015
1397,8,20177.0,PFQ,289437.0,675999,2015
1398,8,20100.0,PO,12846994.0,21657282,2015
1399,8,20448.0,S5,7066823.0,10640375,2015
1400,8,20422.0,SY,4632793.0,8092056,2015
1401,8,20447.0,U7,447707.0,742393,2015
1402,8,19977.0,UA,296817950.0,471661958,2015
1403,8,21171.0,VX,15272587.0,24546194,2015
1404,8,20308.0,WE,763058.0,1425570,2015
1405,8,20287.0,WP,97531.0,173454,2015
1406,8,20377.0,X9,2678992.0,8428878,2015
1407,8,20207.0,XP,280951.0,585345,2015
1408,8,20452.0,YX,14684188.0,23058025,2015
1409,8,20046.0,ZW,7127324.0,12331499,2015
1410,8,19393.0,WN,165183120.0,290411867,2015
1411,9,21236.0,0JQ,30827.0,83913,2015
1412,9,21352.0,0WQ,195384.0,556570,2015
1413,9,20408.0,5V,413895.0,1068072,2015
1414,9,19917.0,5X,61582000.0,88700000,2015
1415,9,20007.0,5Y,46138209.0,100120966,2015
1416,9,19874.0,8C,667016.0,1975372,2015
1417,9,19805.0,AA,292644948.0,433374647,2015
1418,9,20453.0,ABX,71385.0,137773,2015
1419,9,19930.0,AS,34924089.0,58647297,2015
1420,9,20409.0,B6,54777304.0,96471232,2015
1421,9,19790.0,DL,282681028.0,476767387,2015
1422,9,20366.0,EV,66005.0,213211,2015
1423,9,20436.0,F9,16003377.0,22545183,2015
1424,9,20107.0,FX,89688508.0,132011000,2015
1425,9,20368.0,G4,8684843.0,14929816,2015
1426,9,20166.0,GFQ,440227.0,887924,2015
1427,9,20402.0,GL,423044.0,990261,2015
1428,9,19690.0,HA,19003431.0,29471462,2015
1429,9,20310.0,K8,294940.0,562374,2015
1430,9,20370.0,KAQ,2859895.0,5722280,2015
1431,9,21629.0,KD,8723.0,8723,2015
1432,9,21634.0,KH,429319.0,634692,2015
1433,9,20372.0,KLQ,386630.0,782378,2015
1434,9,20169.0,L2,192408.0,447145,2015
1435,9,20151.0,M6,1752672.0,2891676,2015
1436,9,20405.0,MRQ,640536.0,1444785,2015
1437,9,20108.0,NC,587910.0,1045705,2015
1438,9,20416.0,NK,21431289.0,34217928,2015
1439,9,20304.0,OO,5250159.0,9365705,2015
1440,9,20177.0,PFQ,283640.0,627632,2015
1441,9,20100.0,PO,14526141.0,21915519,2015
1442,9,20448.0,S5,6363950.0,9208147,2015
1443,9,20422.0,SY,3499420.0,6426166,2015
1444,9,20447.0,U7,634271.0,1015262,2015
1445,9,19977.0,UA,262169347.0,390817490,2015
1446,9,21171.0,VX,13855940.0,22331162,2015
1447,9,20308.0,WE,694383.0,1098608,2015
1448,9,20287.0,WP,95750.0,157122,2015
1449,9,20377.0,X9,2981545.0,9850820,2015
1450,9,20207.0,XP,225339.0,486423,2015
1451,9,20452.0,YX,13330049.0,19660939,2015
1452,9,20046.0,ZW,6636047.0,10897010,2015
1453,9,19393.0,WN,151147735.0,261198086,2015
1454,10,21352.0,0WQ,155230.0,475670,2015
1455,10,20408.0,5V,440269.0,1031071,2015
1456,10,19917.0,5X,63717000.0,92596000,2015
1457,10,20007.0,5Y,31440866.0,65814347,2015
1458,10,19874.0,8C,918365.0,2493654,2015
1459,10,20190.0,9S,6387395.0,23122369,2015
1460,10,19805.0,AA,298816240.0,441559226,2015
1461,10,19930.0,AS,36465629.0,61325553,2015
1462,10,20409.0,B6,56723630.0,99007701,2015
1463,10,19790.0,DL,277460867.0,570389917,2015
1464,10,21650.0,EE,195280.0,347599,2015
1465,10,20366.0,EV,81937.0,208003,2015
1466,10,20436.0,F9,16936487.0,24008936,2015
1467,10,20107.0,FX,94482894.0,140751000,2015
1468,10,20368.0,G4,11672418.0,20222240,2015
1469,10,20166.0,GFQ,475722.0,934373,2015
1470,10,20402.0,GL,604477.0,1306637,2015
1471,10,19690.0,HA,19389746.0,29766076,2015
1472,10,20370.0,KAQ,3345582.0,6745803,2015
1473,10,21629.0,KD,2233.0,2233,2015
1474,10,21634.0,KH,446107.0,674712,2015
1475,10,20372.0,KLQ,305281.0,620754,2015
1476,10,20169.0,L2,288572.0,619407,2015
1477,10,20151.0,M6,2060129.0,3469285,2015
1478,10,20405.0,MRQ,807938.0,1838193,2015
1479,10,20108.0,NC,688066.0,1230807,2015
1480,10,20416.0,NK,21954524.0,35805171,2015
1481,10,20304.0,OO,4711398.0,9706354,2015
1482,10,20177.0,PFQ,279057.0,631727,2015
1483,10,20100.0,PO,15815353.0,23815988,2015
1484,10,20448.0,S5,6451193.0,9406213,2015
1485,10,20422.0,SY,3839896.0,7091247,2015
1486,10,20447.0,U7,580937.0,933922,2015
1487,10,19977.0,UA,271744160.0,406517958,2015
1488,10,21171.0,VX,14718602.0,23382644,2015
1489,10,20308.0,WE,393727.0,635275,2015
1490,10,20287.0,WP,104172.0,158457,2015
1491,10,20377.0,X9,3359809.0,7459011,2015
1492,10,20207.0,XP,513070.0,1180250,2015
1493,10,20452.0,YX,13190456.0,19321347,2015
1494,10,20046.0,ZW,6797089.0,10657733,2015
1495,10,19393.0,WN,158326581.0,258329294,2015
1496,11,21352.0,0WQ,194273.0,545398,2015
1497,11,20408.0,5V,291529.0,787493,2015
1498,11,19917.0,5X,65155000.0,93493000,2015
1499,11,20007.0,5Y,30129841.0,57911715,2015
1500,11,19874.0,8C,792119.0,2218926,2015
1501,11,20190.0,9S,5866742.0,21237606,2015
1502,11,19805.0,AA,277163393.0,401898942,2015
1503,11,20453.0,ABX,146031.0,339974,2015
1504,11,19930.0,AS,37345855.0,66193432,2015
1505,11,20409.0,B6,56967583.0,99040144,2015
1506,11,19790.0,DL,252400573.0,463784118,2015
1507,11,21650.0,EE,238800.0,425064,2015
1508,11,20366.0,EV,79796.0,183504,2015
1509,11,20436.0,F9,17411106.0,24363325,2015
1510,11,20107.0,FX,87628851.0,127812000,2015
1511,11,20368.0,G4,12449136.0,20825127,2015
1512,11,20166.0,GFQ,424233.0,828783,2015
1513,11,20402.0,GL,618926.0,1380886,2015
1514,11,19690.0,HA,18723100.0,27675745,2015
1515,11,20310.0,K8,221135.0,487711,2015
1516,11,20370.0,KAQ,4137371.0,7606269,2015
1517,11,21629.0,KD,34116.0,34116,2015
1518,11,21634.0,KH,433446.0,640245,2015
1519,11,20372.0,KLQ,279709.0,582436,2015
1520,11,20169.0,L2,446560.0,238880,2015
1521,11,20151.0,M6,2192379.0,3580715,2015
1522,11,20405.0,MRQ,827484.0,2179853,2015
1523,11,20108.0,NC,551684.0,976079,2015
1524,11,20416.0,NK,22066118.0,35332577,2015
1525,11,20304.0,OO,4926591.0,9215756,2015
1526,11,20177.0,PFQ,248199.0,560959,2015
1527,11,20100.0,PO,15839248.0,24055115,2015
1528,11,20448.0,S5,5733889.0,8075751,2015
1529,11,20422.0,SY,3999638.0,7092231,2015
1530,11,20447.0,U7,566794.0,912929,2015
1531,11,19977.0,UA,247844737.0,348242016,2015
1532,11,21171.0,VX,14631922.0,20668361,2015
1533,11,20308.0,WE,751511.0,1186434,2015
1534,11,20287.0,WP,94766.0,151693,2015
1535,11,20377.0,X9,1693476.0,4075034,2015
1536,11,20207.0,XP,598136.0,1277791,2015
1537,11,20452.0,YX,12031506.0,17367680,2015
1538,11,20046.0,ZW,6380123.0,9797346,2015
1539,11,19393.0,WN,159018770.0,255917890,2015
1540,12,21352.0,0WQ,178097.0,469356,2015
1541,12,20408.0,5V,295181.0,630517,2015
1542,12,19917.0,5X,80599000.0,102102000,2015
1543,12,20007.0,5Y,29888212.0,55935157,2015
1544,12,19874.0,8C,737431.0,1998711,2015
1545,12,20190.0,9S,6265046.0,22679463,2015
1546,12,19805.0,AA,299040562.0,398593043,2015
1547,12,20453.0,ABX,99353.0,216843,2015
1548,12,19930.0,AS,39238958.0,57540426,2015
1549,12,20409.0,B6,64457001.0,101329622,2015
1550,12,19790.0,DL,265370656.0,489906720,2015
1551,12,21650.0,EE,290480.0,517054,2015
1552,12,20366.0,EV,86229.0,199039,2015
1553,12,20436.0,F9,18048961.0,21934170,2015
1554,12,20107.0,FX,109771233.0,141787000,2015
1555,12,20368.0,G4,13948952.0,20632487,2015
1556,12,20166.0,GFQ,204474.0,378705,2015
1557,12,20402.0,GL,541850.0,1178097,2015
1558,12,19690.0,HA,19895570.0,27005664,2015
1559,12,20310.0,K8,86120.0,174523,2015
1560,12,20370.0,KAQ,5308406.0,7371390,2015
1561,12,21629.0,KD,33462.0,33462,2015
1562,12,21634.0,KH,480374.0,628542,2015
1563,12,20372.0,KLQ,181653.0,339452,2015
1564,12,20151.0,M6,2447610.0,3549512,2015
1565,12,20405.0,MRQ,592781.0,1278479,2015
1566,12,20108.0,NC,508870.0,853757,2015
1567,12,20416.0,NK,22446578.0,34077468,2015
1568,12,20304.0,OO,5240799.0,8346965,2015
1569,12,20177.0,PFQ,358415.0,743248,2015
1570,12,20100.0,PO,17057497.0,24105237,2015
1571,12,20448.0,S5,4704440.0,5651606,2015
1572,12,20422.0,SY,4732234.0,6959750,2015
1573,12,20447.0,U7,399593.0,559940,2015
1574,12,19977.0,UA,263947107.0,353805139,2015
1575,12,21171.0,VX,15352757.0,19016842,2015
1576,12,20308.0,WE,550767.0,551553,2015
1577,12,20287.0,WP,101145.0,153796,2015
1578,12,20377.0,X9,1766526.0,4029791,2015
1579,12,20207.0,XP,489624.0,1013522,2015
1580,12,20452.0,YX,12998931.0,17277275,2015
1581,12,20046.0,ZW,6573348.0,9810113,2015
1582,12,19393.0,WN,163986221.0,239548811,2015
1583,1,21161.0,09Q,1235210.0,3449957,2019
1584,1,21492.0,1BQ,60821.0,176988,2019
1585,1,21712.0,2HQ,410186.0,1518919,2019
1586,1,20408.0,5V,304851.0,792440,2019
1587,1,19917.0,5X,73210000.0,133562000,2019
1588,1,20007.0,5Y,44410125.0,91783481,2019
1589,1,19874.0,8C,765851.0,1954346,2019
1590,1,20190.0,9S,6850007.0,13809023,2019
1591,1,19805.0,AA,286544730.0,527930266,2019
1592,1,20453.0,ABX,229897.0,443700,2019
1593,1,19930.0,AS,57084165.0,117295194,2019
1594,1,20409.0,B6,70408211.0,137193906,2019
1595,1,19790.0,DL,273706863.0,562392438,2019
1596,1,20436.0,F9,21842481.0,37663471,2019
1597,1,20107.0,FX,102433846.0,186701000,2019
1598,1,20368.0,G4,12784069.0,25625440,2019
1599,1,20166.0,GFQ,358893.0,910365,2019
1600,1,20402.0,GL,619859.0,1730110,2019
1601,1,19690.0,HA,22626587.0,39987014,2019
1602,1,20370.0,KAQ,5414448.0,12064561,2019
1603,1,21629.0,KD,2765790.0,4445421,2019
1604,1,21634.0,KH,432202.0,863451,2019
1605,1,20372.0,KLQ,192731.0,540521,2019
1606,1,20169.0,L2,199796.0,501311,2019
1607,1,20151.0,M6,1772892.0,3536581,2019
1608,1,20405.0,N8,798009.0,2408796,2019
1609,1,20108.0,NC,388494.0,762275,2019
1610,1,20416.0,NK,35862515.0,71242248,2019
1611,1,20304.0,OO,8150037.0,17779528,2019
1612,1,20177.0,PFQ,330575.0,640575,2019
1613,1,20100.0,PO,17207874.0,30143657,2019
1614,1,20422.0,SY,0.0,11896247,2019
1615,1,20447.0,U7,507669.0,1028505,2019
1616,1,19977.0,UA,270112946.0,500710455,2019
1617,1,20195.0,WI,1329432.0,2664398,2019
1618,1,20310.0,WL,47941.0,141256,2019
1619,1,20377.0,X9,4086224.0,11401373,2019
1620,1,20207.0,XP,2501.0,8341,2019
1621,1,20452.0,YX,20121.0,43183,2019
1622,1,19393.0,WN,164881708.0,315731576,2019
1623,2,21161.0,09Q,1177321.0,3049623,2019
1624,2,21492.0,1BQ,21144.0,58781,2019
1625,2,21712.0,2HQ,380855.0,1485395,2019
1626,2,20408.0,5V,274605.0,752926,2019
1627,2,19917.0,5X,61612000.0,119012000,2019
1628,2,20007.0,5Y,37897490.0,78434992,2019
1629,2,19874.0,8C,679645.0,1780572,2019
1630,2,20190.0,9S,6159111.0,12900107,2019
1631,2,19805.0,AA,264286537.0,506989847,2019
1632,2,19930.0,AS,51311445.0,110417119,2019
1633,2,20409.0,B6,66427970.0,136980956,2019
1634,2,19790.0,DL,248074450.0,512424644,2019
1635,2,20436.0,F9,20082594.0,39458547,2019
1636,2,20107.0,FX,91273323.0,176269633,2019
1637,2,20368.0,G4,13990478.0,30327743,2019
1638,2,20166.0,GFQ,326772.0,865340,2019
1639,2,20402.0,GL,723391.0,2105560,2019
1640,2,19690.0,HA,19951048.0,37668430,2019
1641,2,20370.0,KAQ,5711413.0,13530433,2019
1642,2,21629.0,KD,2262644.0,4803721,2019
1643,2,21634.0,KH,338518.0,635575,2019
1644,2,20372.0,KLQ,215582.0,552289,2019
1645,2,20169.0,L2,128692.0,316243,2019
1646,2,20151.0,M6,1863005.0,3976272,2019
1647,2,20405.0,N8,304554.0,2862018,2019
1648,2,20108.0,NC,282780.0,602185,2019
1649,2,20416.0,NK,33590996.0,71407508,2019
1650,2,20304.0,OO,7503491.0,17050445,2019
1651,2,20177.0,PFQ,355981.0,735012,2019
1652,2,20100.0,PO,12487485.0,22543209,2019
1653,2,20422.0,SY,6066430.0,14156785,2019
1654,2,20447.0,U7,514896.0,1087791,2019
1655,2,19977.0,UA,244752372.0,472939819,2019
1656,2,20195.0,WI,982250.0,2064254,2019
1657,2,20310.0,WL,26298.0,69192,2019
1658,2,20377.0,X9,3605900.0,9004215,2019
1659,2,20207.0,XP,2851.0,9832,2019
1660,2,20452.0,YX,41318.0,85698,2019
1661,2,19393.0,WN,148670558.0,293559548,2019
1662,3,21161.0,09Q,1422948.0,4573739,2019
1663,3,21492.0,1BQ,27296.0,63054,2019
1664,3,21712.0,2HQ,380854.0,1466979,2019
1665,3,20408.0,5V,375331.0,1080156,2019
1666,3,19917.0,5X,70216000.0,140424000,2019
1667,3,20007.0,5Y,50676176.0,114027786,2019
1668,3,19874.0,8C,703041.0,1629082,2019
1669,3,20190.0,9S,7617225.0,17231140,2019
1670,3,19805.0,AA,301971007.0,595793975,2019
1671,3,19930.0,AS,60609906.0,134629100,2019
1672,3,20409.0,B6,76399651.0,162930484,2019
1673,3,19790.0,DL,299952005.0,609257127,2019
1674,3,20436.0,F9,22140202.0,42894498,2019
1675,3,20107.0,FX,101332662.0,202156514,2019
1676,3,20368.0,G4,19699007.0,43520144,2019
1677,3,20166.0,GFQ,389396.0,1036180,2019
1678,3,20402.0,GL,944698.0,2666351,2019
1679,3,19690.0,HA,21943156.0,43417084,2019
1680,3,20370.0,KAQ,6937093.0,16148443,2019
1681,3,21629.0,KD,3255721.0,5691544,2019
1682,3,21634.0,KH,388491.0,770139,2019
1683,3,20372.0,KLQ,359403.0,910805,2019
1684,3,20169.0,L2,186550.0,487617,2019
1685,3,20151.0,M6,2328831.0,5102866,2019
1686,3,20405.0,N8,1134904.0,3499299,2019
1687,3,20108.0,NC,328645.0,723951,2019
1688,3,20416.0,NK,40374673.0,86986328,2019
1689,3,20304.0,OO,8558824.0,20654129,2019
1690,3,20177.0,PFQ,368456.0,856040,2019
1691,3,20100.0,PO,16234745.0,31304299,2019
1692,3,20422.0,SY,7433108.0,18341680,2019
1693,3,20447.0,U7,786265.0,1653073,2019
1694,3,19977.0,UA,297848082.0,597728943,2019
1695,3,20195.0,WI,1343397.0,2932536,2019
1696,3,20310.0,WL,59090.0,133744,2019
1697,3,20377.0,X9,3930718.0,7942304,2019
1698,3,20452.0,YX,13935.0,29768,2019
1699,3,19393.0,WN,180277656.0,359210576,2019
1700,4,21161.0,09Q,1012260.0,2630183,2019
1701,4,21492.0,1BQ,34596.0,87989,2019
1702,4,21712.0,2HQ,257621.0,890987,2019
1703,4,20408.0,5V,333350.0,933152,2019
1704,4,19917.0,5X,72821000.0,149242000,2019
1705,4,20007.0,5Y,50160128.0,110704742,2019
1706,4,19874.0,8C,1096450.0,2058638,2019
1707,4,20190.0,9S,7466445.0,16470015,2019
1708,4,19805.0,AA,291008622.0,589969418,2019
1709,4,19930.0,AS,59726464.0,137208447,2019
1710,4,20409.0,B6,75177112.0,162565520,2019
1711,4,19790.0,DL,296111146.0,598624785,2019
1712,4,20436.0,F9,21622508.0,42763590,2019
1713,4,20107.0,FX,97834857.0,198353000,2019
1714,4,20368.0,G4,17389313.0,39038523,2019
1715,4,20166.0,GFQ,245110.0,650822,2019
1716,4,20402.0,GL,515654.0,1406028,2019
1717,4,19690.0,HA,22033896.0,44830079,2019
1718,4,20370.0,KAQ,7745919.0,17751704,2019
1719,4,21629.0,KD,2461468.0,5346407,2019
1720,4,21634.0,KH,392414.0,793241,2019
1721,4,20372.0,KLQ,228067.0,579469,2019
1722,4,20169.0,L2,167474.0,423245,2019
1723,4,20151.0,M6,2271221.0,5131589,2019
1724,4,20405.0,N8,1431538.0,4086143,2019
1725,4,20108.0,NC,322129.0,697107,2019
1726,4,20416.0,NK,38671302.0,85020397,2019
1727,4,20304.0,OO,8262780.0,20297087,2019
1728,4,20177.0,PFQ,389461.0,900577,2019
1729,4,20100.0,PO,14046615.0,27966203,2019
1730,4,20422.0,SY,5793765.0,14141746,2019
1731,4,20447.0,U7,294896.0,629989,2019
1732,4,19977.0,UA,289084422.0,591706212,2019
1733,4,20195.0,WI,1803776.0,4015883,2019
1734,4,20310.0,WL,79328.0,223759,2019
1735,4,20377.0,X9,4018053.0,10010747,2019
1736,4,20452.0,YX,13919.0,29889,2019
1737,4,19393.0,WN,173423712.0,348343487,2019
1738,5,21161.0,09Q,1432953.0,2864332,2019
1739,5,21492.0,1BQ,21082.0,79229,2019
1740,5,21712.0,2HQ,273216.0,941715,2019
1741,5,20408.0,5V,366102.0,1036250,2019
1742,5,19917.0,5X,75695000.0,159577000,2019
1743,5,20007.0,5Y,49527226.0,112864234,2019
1744,5,19874.0,8C,846706.0,2220003,2019
1745,5,20190.0,9S,7911553.0,18405636,2019
1746,5,19805.0,AA,319972133.0,660653095,2019
1747,5,19930.0,AS,62777186.0,151473132,2019
1748,5,20409.0,B6,74539278.0,167296966,2019
1749,5,19790.0,DL,318173288.0,654812923,2019
1750,5,20436.0,F9,24591649.0,46689995,2019
1751,5,20107.0,FX,104114388.0,217751000,2019
1752,5,20368.0,G4,16494800.0,38336963,2019
1753,5,20166.0,GFQ,211819.0,573613,2019
1754,5,20402.0,GL,402992.0,1189189,2019
1755,5,19690.0,HA,22905599.0,48008106,2019
1756,5,20370.0,KAQ,6490378.0,14963400,2019
1757,5,21629.0,KD,2099089.0,4759269,2019
1758,5,21634.0,KH,387931.0,796746,2019
1759,5,20372.0,KLQ,156660.0,424831,2019
1760,5,20169.0,L2,358406.0,876191,2019
1761,5,20151.0,M6,2308945.0,5257625,2019
1762,5,20405.0,N8,1165113.0,3461525,2019
1763,5,20108.0,NC,210015.0,502062,2019
1764,5,20416.0,NK,42123364.0,94757645,2019
1765,5,20304.0,OO,8838081.0,22436510,2019
1766,5,20177.0,PFQ,363290.0,834670,2019
1767,5,20100.0,PO,15238412.0,31480515,2019
1768,5,20422.0,SY,5448107.0,12484785,2019
1769,5,20447.0,U7,326992.0,718732,2019
1770,5,19977.0,UA,309415363.0,653718728,2019
1771,5,20195.0,WI,1223432.0,2757730,2019
1772,5,20310.0,WL,294940.0,562374,2019
1773,5,20377.0,X9,3304549.0,8218723,2019
1774,5,20452.0,YX,18888.0,41578,2019
1775,5,19393.0,WN,179914831.0,378163574,2019
1776,6,21161.0,09Q,1209735.0,2619835,2019
1777,6,21492.0,1BQ,74296.0,271153,2019
1778,6,21712.0,2HQ,168234.0,493559,2019
1779,6,20408.0,5V,355723.0,924038,2019
1780,6,19917.0,5X,72535000.0,141414000,2019
1781,6,20007.0,5Y,47228695.0,104980555,2019
1782,6,19874.0,8C,773865.0,2004496,2019
1783,6,20190.0,9S,6914484.0,15516395,2019
1784,6,19805.0,AA,327437203.0,636743732,2019
1785,6,19930.0,AS,64578199.0,137655825,2019
1786,6,20409.0,B6,74781183.0,154413079,2019
1787,6,19790.0,DL,336183657.0,712864450,2019
1788,6,20436.0,F9,24596330.0,44641836,2019
1789,6,20107.0,FX,96506510.0,185836494,2019
1790,6,20368.0,G4,20179468.0,42633730,2019
1791,6,20166.0,GFQ,253033.0,649923,2019
1792,6,20402.0,GL,469034.0,1271181,2019
1793,6,19690.0,HA,22337825.0,42539408,2019
1794,6,20370.0,KAQ,7697011.0,16453838,2019
1795,6,21629.0,KD,2921018.0,6164523,2019
1796,6,21634.0,KH,396366.0,743516,2019
1797,6,20372.0,KLQ,148153.0,402882,2019
1798,6,20169.0,L2,397811.0,1040628,2019
1799,6,20151.0,M6,2190840.0,4735681,2019
1800,6,20405.0,N8,547775.0,1929408,2019
1801,6,20108.0,NC,407071.0,787763,2019
1802,6,20416.0,NK,41652339.0,85227413,2019
1803,6,20304.0,OO,8915291.0,20779214,2019
1804,6,20177.0,PFQ,333834.0,765867,2019
1805,6,20100.0,PO,15452032.0,30822556,2019
1806,6,20422.0,SY,7169426.0,15345646,2019
1807,6,20447.0,U7,462561.0,944639,2019
1808,6,19977.0,UA,320238151.0,628169636,2019
1809,6,20195.0,WI,566138.0,1189220,2019
1810,6,20310.0,WL,293553.0,467330,2019
1811,6,20377.0,X9,3496231.0,8303766,2019
1812,6,20452.0,YX,18137.0,38021,2019
1813,6,19393.0,WN,179131347.0,357969700,2019
1814,7,21161.0,09Q,2415527.0,2855729,2019
1815,7,21492.0,1BQ,66793.0,184881,2019
1816,7,21712.0,2HQ,157065.0,500082,2019
1817,7,20408.0,5V,426753.0,1114248,2019
1818,7,19917.0,5X,78211000.0,153068000,2019
1819,7,20007.0,5Y,50202675.0,112595660,2019
1820,7,19874.0,8C,860060.0,2301740,2019
1821,7,20190.0,9S,7821501.0,17201554,2019
1822,7,19805.0,AA,338595043.0,658527259,2019
1823,7,19930.0,AS,67620392.0,146809415,2019
1824,7,20409.0,B6,79776775.0,167225559,2019
1825,7,19790.0,DL,351133142.0,688490352,2019
1826,7,20436.0,F9,26676552.0,50399307,2019
1827,7,20107.0,FX,97439638.0,191556159,2019
1828,7,20368.0,G4,21699207.0,47822962,2019
1829,7,20166.0,GFQ,200761.0,553555,2019
1830,7,20402.0,GL,458574.0,1235733,2019
1831,7,19690.0,HA,23281392.0,45057213,2019
1832,7,20370.0,KAQ,6441271.0,13879609,2019
1833,7,21629.0,KD,2508964.0,5814574,2019
1834,7,21634.0,KH,429557.0,822598,2019
1835,7,20372.0,KLQ,126688.0,326885,2019
1836,7,20169.0,L2,413022.0,1033227,2019
1837,7,20151.0,M6,2368963.0,5307242,2019
1838,7,20405.0,N8,895061.0,3145854,2019
1839,7,20108.0,NC,421503.0,890009,2019
1840,7,20416.0,NK,43349064.0,91576334,2019
1841,7,20304.0,OO,9566241.0,21469274,2019
1842,7,20177.0,PFQ,421335.0,885651,2019
1843,7,20100.0,PO,14441648.0,27605543,2019
1844,7,20422.0,SY,5199530.0,11558121,2019
1845,7,20447.0,U7,306516.0,650875,2019
1846,7,19977.0,UA,328989147.0,645067356,2019
1847,7,20195.0,WI,727737.0,1594189,2019
1848,7,20310.0,WL,132582.0,383491,2019
1849,7,20377.0,X9,4137049.0,9606014,2019
1850,7,20452.0,YX,27361.0,56688,2019
1851,7,19393.0,WN,185099344.0,368451237,2019
1852,8,21161.0,09Q,980418.0,2860293,2019
1853,8,21492.0,1BQ,30612.0,88735,2019
1854,8,21712.0,2HQ,145383.0,414672,2019
1855,8,20408.0,5V,459018.0,1084816,2019
1856,8,19917.0,5X,75375000.0,145773000,2019
1857,8,20007.0,5Y,50506521.0,111933198,2019
1858,8,19874.0,8C,801979.0,2089479,2019
1859,8,20190.0,9S,8134510.0,17917170,2019
1860,8,19805.0,AA,338196501.0,646382308,2019
1861,8,19930.0,AS,66611391.0,139348885,2019
1862,8,20409.0,B6,79758935.0,163627281,2019
1863,8,19790.0,DL,351127851.0,669235386,2019
1864,8,20436.0,F9,26032547.0,47369606,2019
1865,8,20107.0,FX,100380202.0,191393327,2019
1866,8,20368.0,G4,16210186.0,34765065,2019
1867,8,20166.0,GFQ,252935.0,651321,2019
1868,8,20402.0,GL,355481.0,970747,2019
1869,8,19690.0,HA,23783183.0,45063837,2019
1870,8,20370.0,KAQ,7836911.0,18131615,2019
1871,8,21629.0,KD,1333450.0,3027075,2019
1872,8,21634.0,KH,423687.0,799725,2019
1873,8,20372.0,KLQ,114311.0,306425,2019
1874,8,20169.0,L2,309511.0,720095,2019
1875,8,20151.0,M6,2329836.0,5014120,2019
1876,8,20405.0,N8,111071.0,1536643,2019
1877,8,20108.0,NC,465418.0,913881,2019
1878,8,20416.0,NK,42824559.0,88843977,2019
1879,8,20304.0,OO,8790766.0,21267349,2019
1880,8,20177.0,PFQ,386916.0,860924,2019
1881,8,20100.0,PO,12251784.0,24234566,2019
1882,8,20422.0,SY,7081536.0,14431430,2019
1883,8,20447.0,U7,500372.0,1031110,2019
1884,8,19977.0,UA,324688428.0,626433174,2019
1885,8,20195.0,WI,908243.0,1956967,2019
1886,8,20310.0,WL,107448.0,405614,2019
1887,8,20377.0,X9,3363696.0,8349912,2019
1888,8,20452.0,YX,22245.0,46383,2019
1889,8,19393.0,WN,176971032.0,346816200,2019
1890,9,21161.0,09Q,1008138.0,2596549,2019
1891,9,21492.0,1BQ,247449.0,784413,2019
1892,9,21712.0,2HQ,148395.0,508180,2019
1893,9,20408.0,5V,361624.0,932749,2019
1894,9,19917.0,5X,72747000.0,139936000,2019
1895,9,20007.0,5Y,48653184.0,105124378,2019
1896,9,19874.0,8C,819601.0,2146621,2019
1897,9,20190.0,9S,7855357.0,16575741,2019
1898,9,19805.0,AA,303854847.0,582240436,2019
1899,9,19930.0,AS,58850785.0,125986059,2019
1900,9,20409.0,B6,69038422.0,140202692,2019
1901,9,19790.0,DL,303891710.0,602353484,2019
1902,9,20436.0,F9,24188904.0,45457018,2019
1903,9,20107.0,FX,92489207.0,178737055,2019
1904,9,20368.0,G4,10533970.0,22762069,2019
1905,9,20166.0,GFQ,372345.0,928918,2019
1906,9,20402.0,GL,504243.0,1363897,2019
1907,9,19690.0,HA,22684624.0,43073780,2019
1908,9,20370.0,KAQ,6432213.0,13584499,2019
1909,9,21629.0,KD,2560152.0,5261945,2019
1910,9,21634.0,KH,390699.0,743115,2019
1911,9,20372.0,KLQ,150717.0,392186,2019
1912,9,20169.0,L2,333868.0,785576,2019
1913,9,20151.0,M6,2074241.0,4496492,2019
1914,9,20405.0,N8,392264.0,2082226,2019
1915,9,20108.0,NC,368557.0,747636,2019
1916,9,20416.0,NK,35898679.0,73426677,2019
1917,9,20304.0,OO,8834786.0,20313626,2019
1918,9,20177.0,PFQ,351884.0,743639,2019
1919,9,20100.0,PO,11916669.0,22518016,2019
1920,9,20422.0,SY,5107989.0,10832421,2019
1921,9,20447.0,U7,503668.0,1045794,2019
1922,9,19977.0,UA,292912423.0,561519578,2019
1923,9,20195.0,WI,1083142.0,2302795,2019
1924,9,20310.0,WL,54268.0,36867,2019
1925,9,20377.0,X9,3943414.0,9606241,2019
1926,9,20452.0,YX,22895.0,46818,2019
1927,9,19393.0,WN,162505172.0,319609214,2019
1928,1,21161.0,09Q,1467426.0,4208283,2018
1929,1,21352.0,0WQ,39725.0,146071,2018
1930,1,21712.0,2HQ,462132.0,1785834,2018
1931,1,20408.0,5V,364447.0,987918,2018
1932,1,19917.0,5X,71950000.0,143375000,2018
1933,1,20007.0,5Y,43050935.0,85389693,2018
1934,1,19874.0,8C,797305.0,1690294,2018
1935,1,20190.0,9S,5339185.0,11212289,2018
1936,1,19805.0,AA,283974071.0,560634926,2018
1937,1,20453.0,ABX,44160.0,100111,2018
1938,1,19930.0,AS,58008156.0,124660897,2018
1939,1,20409.0,B6,66886288.0,142022199,2018
1940,1,19790.0,DL,264566092.0,546581010,2018
1941,1,20436.0,F9,22206391.0,43579944,2018
1942,1,20107.0,FX,95932133.0,191667326,2018
1943,1,20368.0,G4,14184029.0,31416534,2018
1944,1,20166.0,GFQ,457372.0,1153932,2018
1945,1,20402.0,GL,597256.0,1874266,2018
1946,1,19690.0,HA,22432193.0,44118790,2018
1947,1,20370.0,KAQ,3817201.0,8269150,2018
1948,1,21629.0,KD,1084109.0,2057497,2018
1949,1,21634.0,KH,432202.0,863451,2018
1950,1,20372.0,KLQ,168862.0,456596,2018
1951,1,20169.0,L2,212671.0,571933,2018
1952,1,20151.0,M6,1832524.0,4017092,2018
1953,1,20405.0,N8,1113523.0,2324425,2018
1954,1,20108.0,NC,477375.0,1062228,2018
1955,1,20416.0,NK,31610455.0,69562682,2018
1956,1,20304.0,OO,7718601.0,18509402,2018
1957,1,20177.0,PFQ,383900.0,834814,2018
1958,1,20100.0,PO,14979008.0,28696165,2018
1959,1,20422.0,SY,5143248.0,11945743,2018
1960,1,20447.0,U7,342438.0,711194,2018
1961,1,19977.0,UA,255982076.0,507943829,2018
1962,1,20195.0,WI,2131746.0,4668490,2018
1963,1,20310.0,WL,82388.0,210702,2018
1964,1,20377.0,X9,3067287.0,6347493,2018
1965,1,20207.0,XP,550328.0,1495460,2018
1966,1,20452.0,YX,22451.0,52500,2018
1967,1,19393.0,WN,163167179.0,319693866,2018
1968,2,21161.0,09Q,1648225.0,4447217,2018
1969,2,21352.0,0WQ,24526.0,86043,2018
1970,2,21712.0,2HQ,436099.0,1657337,2018
1971,2,20408.0,5V,329727.0,851317,2018
1972,2,19917.0,5X,61297000.0,122624000,2018
1973,2,20007.0,5Y,36373954.0,74424450,2018
1974,2,19874.0,8C,721330.0,1532210,2018
1975,2,20190.0,9S,4713140.0,9897595,2018
1976,2,19805.0,AA,261946387.0,521982273,2018
1977,2,20453.0,ABX,52160.0,109537,2018
1978,2,19930.0,AS,53190592.0,113227536,2018
1979,2,20409.0,B6,62754922.0,132609918,2018
1980,2,19790.0,DL,243541538.0,499657381,2018
1981,2,20436.0,F9,20163955.0,39360836,2018
1982,2,20107.0,FX,91503290.0,181829000,2018
1983,2,20368.0,G4,14997636.0,32619856,2018
1984,2,20166.0,GFQ,504777.0,1257789,2018
1985,2,20402.0,GL,678252.0,1763983,2018
1986,2,19690.0,HA,20036922.0,39782894,2018
1987,2,20370.0,KAQ,4055093.0,8903438,2018
1988,2,21629.0,KD,1930478.0,1544768,2018
1989,2,21634.0,KH,397609.0,797072,2018
1990,2,20372.0,KLQ,205189.0,540008,2018
1991,2,20169.0,L2,204640.0,535705,2018
1992,2,20151.0,M6,1781504.0,3849429,2018
1993,2,20405.0,N8,857540.0,2008610,2018
1994,2,20108.0,NC,436015.0,972401,2018
1995,2,20416.0,NK,29759661.0,64842232,2018
1996,2,20304.0,OO,7207367.0,16860769,2018
1997,2,20177.0,PFQ,303623.0,703710,2018
1998,2,20100.0,PO,12413729.0,24666410,2018
1999,2,20422.0,SY,5841653.0,13709768,2018
2000,2,20447.0,U7,427634.0,871143,2018
2001,2,19977.0,UA,235462750.0,475312985,2018
2002,2,20195.0,WI,1690406.0,3783985,2018
2003,2,20310.0,WL,61164.0,253856,2018
2004,2,20377.0,X9,3435632.0,6862081,2018
2005,2,20207.0,XP,449567.0,1211992,2018
2006,2,20452.0,YX,22181.0,53380,2018
2007,2,19393.0,WN,147043749.0,295824553,2018
2008,3,21161.0,09Q,2539355.0,6194166,2018
2009,3,21352.0,0WQ,27316.0,95292,2018
2010,3,21492.0,1BQ,209750.0,509030,2018
2011,3,21712.0,2HQ,314298.0,1090313,2018
2012,3,20408.0,5V,384615.0,1081274,2018
2013,3,19917.0,5X,70495000.0,138440000,2018
2014,3,20007.0,5Y,41242595.0,84239598,2018
2015,3,19874.0,8C,778307.0,1696513,2018
2016,3,20190.0,9S,5990596.0,12433214,2018
2017,3,19805.0,AA,298906244.0,583760151,2018
2018,3,20453.0,ABX,61992.0,125224,2018
2019,3,19930.0,AS,61086840.0,129431305,2018
2020,3,20409.0,B6,69593014.0,142221682,2018
2021,3,19790.0,DL,291878202.0,554695520,2018
2022,3,20436.0,F9,21438371.0,40488501,2018
2023,3,20107.0,FX,102762136.0,200025616,2018
2024,3,20368.0,G4,19458333.0,41449948,2018
2025,3,20166.0,GFQ,348144.0,845278,2018
2026,3,20402.0,GL,1011298.0,2531380,2018
2027,3,19690.0,HA,22810112.0,44670796,2018
2028,3,20370.0,KAQ,4632109.0,9840826,2018
2029,3,21629.0,KD,976230.0,2238830,2018
2030,3,21634.0,KH,426607.0,842919,2018
2031,3,20372.0,KLQ,237757.0,611870,2018
2032,3,20169.0,L2,183939.0,409163,2018
2033,3,20151.0,M6,2207192.0,4804826,2018
2034,3,20405.0,N8,1456056.0,3520261,2018
2035,3,20108.0,NC,559269.0,1173381,2018
2036,3,20416.0,NK,33632951.0,70240724,2018
2037,3,20304.0,OO,8110361.0,18506574,2018
2038,3,20177.0,PFQ,312777.0,744422,2018
2039,3,20100.0,PO,16963787.0,33119819,2018
2040,3,20422.0,SY,6649322.0,15627732,2018
2041,3,20447.0,U7,679521.0,1361947,2018
2042,3,19977.0,UA,279322735.0,550417287,2018
2043,3,20195.0,WI,2109389.0,4561330,2018
2044,3,20310.0,WL,46314.0,133744,2018
2045,3,20377.0,X9,3659123.0,7908712,2018
2046,3,20207.0,XP,502741.0,1470253,2018
2047,3,20452.0,YX,21202.0,48320,2018
2048,3,19393.0,WN,179607460.0,351767819,2018
2049,4,21161.0,09Q,1119351.0,3486335,2018
2050,4,21492.0,1BQ,106326.0,335243,2018
2051,4,21712.0,2HQ,362690.0,1512475,2018
2052,4,20408.0,5V,339627.0,924374,2018
2053,4,19917.0,5X,69009000.0,141967000,2018
2054,4,20007.0,5Y,42963903.0,89385922,2018
2055,4,19874.0,8C,621482.0,1349032,2018
2056,4,20190.0,9S,5850792.0,12214298,2018
2057,4,19805.0,AA,297784292.0,598772599,2018
2058,4,20453.0,ABX,163281.0,488129,2018
2059,4,19930.0,AS,60819149.0,136203107,2018
2060,4,20409.0,B6,70477962.0,153254256,2018
2061,4,19790.0,DL,285819352.0,622668832,2018
2062,4,20436.0,F9,21089364.0,42491263,2018
2063,4,20107.0,FX,93075082.0,191069221,2018
2064,4,20368.0,G4,16643107.0,37854201,2018
2065,4,20166.0,GFQ,362500.0,965053,2018
2066,4,20402.0,GL,610402.0,1637162,2018
2067,4,19690.0,HA,22267505.0,45797104,2018
2068,4,20370.0,KAQ,5694803.0,13044546,2018
2069,4,21629.0,KD,2042779.0,4562359,2018
2070,4,21634.0,KH,385347.0,801374,2018
2071,4,20372.0,KLQ,144176.0,394987,2018
2072,4,20169.0,L2,196223.0,491782,2018
2073,4,20151.0,M6,2026569.0,4631486,2018
2074,4,20405.0,N8,1044570.0,4571284,2018
2075,4,20108.0,NC,0.0,970195,2018
2076,4,20416.0,NK,33991969.0,74289874,2018
2077,4,20304.0,OO,7897373.0,18718245,2018
2078,4,20177.0,PFQ,280011.0,642855,2018
2079,4,20100.0,PO,15277605.0,30555481,2018
2080,4,20422.0,SY,4973037.0,12205512,2018
2081,4,20447.0,U7,366936.0,783633,2018
2082,4,19977.0,UA,278073721.0,569304950,2018
2083,4,20195.0,WI,1738290.0,3975420,2018
2084,4,20310.0,WL,52463.0,143777,2018
2085,4,20377.0,X9,3762178.0,8012902,2018
2086,4,20207.0,XP,263082.0,308125,2018
2087,4,20452.0,YX,33454.0,81246,2018
2088,4,19393.0,WN,176668524.0,354131759,2018
2089,5,21161.0,09Q,975540.0,2401760,2018
2090,5,21492.0,1BQ,129997.0,411695,2018
2091,5,21712.0,2HQ,304165.0,1414964,2018
2092,5,20408.0,5V,338685.0,1080815,2018
2093,5,19917.0,5X,74638000.0,164379000,2018
2094,5,20007.0,5Y,46779729.0,107689190,2018
2095,5,19874.0,8C,628901.0,1635103,2018
2096,5,20190.0,9S,6371833.0,15228319,2018
2097,5,19805.0,AA,318954880.0,688107672,2018
2098,5,20453.0,ABX,196691.0,497628,2018
2099,5,19930.0,AS,63119777.0,150860233,2018
2100,5,20409.0,B6,72693063.0,169993298,2018
2101,5,19790.0,DL,307656630.0,651070915,2018
2102,5,20436.0,F9,22315422.0,48951325,2018
2103,5,20107.0,FX,100255770.0,220821000,2018
2104,5,20368.0,G4,16130026.0,39261794,2018
2105,5,20166.0,GFQ,348074.0,959596,2018
2106,5,20402.0,GL,476121.0,1423103,2018
2107,5,19690.0,HA,23034848.0,50444640,2018
2108,5,20370.0,KAQ,6010657.0,14585002,2018
2109,5,21629.0,KD,1810784.0,4277335,2018
2110,5,21634.0,KH,404001.0,895108,2018
2111,5,20372.0,KLQ,158255.0,457823,2018
2112,5,20169.0,L2,299886.0,866532,2018
2113,5,20151.0,M6,1985370.0,4735104,2018
2114,5,20405.0,N8,1155700.0,4945720,2018
2115,5,20108.0,NC,449176.0,1042882,2018
2116,5,20416.0,NK,35521961.0,84672314,2018
2117,5,20304.0,OO,8257547.0,21498760,2018
2118,5,20177.0,PFQ,323522.0,802254,2018
2119,5,20100.0,PO,15928600.0,34036965,2018
2120,5,20422.0,SY,4096753.0,11039705,2018
2121,5,20447.0,U7,479620.0,1096211,2018
2122,5,19977.0,UA,296411789.0,647499154,2018
2123,5,20195.0,WI,2604629.0,6191757,2018
2124,5,20310.0,WL,78656.0,277965,2018
2125,5,20377.0,X9,3682270.0,9306963,2018
2126,5,20207.0,XP,128273.0,66209,2018
2127,5,20452.0,YX,30609.0,76833,2018
2128,5,19393.0,WN,181840135.0,385763181,2018
2129,6,21161.0,09Q,1539466.0,3381208,2018
2130,6,21492.0,1BQ,105007.0,242284,2018
2131,6,21712.0,2HQ,462132.0,1785814,2018
2132,6,20408.0,5V,426779.0,1228754,2018
2133,6,19917.0,5X,69783000.0,154522000,2018
2134,6,20007.0,5Y,45657707.0,105340460,2018
2135,6,19874.0,8C,583419.0,1472858,2018
2136,6,20190.0,9S,8715680.0,21029524,2018
2137,6,19805.0,AA,327277749.0,715573331,2018
2138,6,20453.0,ABX,175886.0,490722,2018
2139,6,19930.0,AS,64229624.0,152302542,2018
2140,6,20409.0,B6,72081982.0,167870388,2018
2141,6,19790.0,DL,325372441.0,705862646,2018
2142,6,20436.0,F9,22096787.0,47480031,2018
2143,6,20107.0,FX,97780314.0,215034000,2018
2144,6,20368.0,G4,18742682.0,45226365,2018
2145,6,20166.0,GFQ,343781.0,981656,2018
2146,6,20402.0,GL,600251.0,1733039,2018
2147,6,19690.0,HA,23317519.0,51026183,2018
2148,6,20370.0,KAQ,6124625.0,15247945,2018
2149,6,21629.0,KD,2263773.0,5577478,2018
2150,6,21634.0,KH,385855.0,846007,2018
2151,6,20372.0,KLQ,161744.0,449491,2018
2152,6,20169.0,L2,297357.0,805703,2018
2153,6,20151.0,M6,1841354.0,4373938,2018
2154,6,20405.0,N8,1384394.0,3805766,2018
2155,6,20108.0,NC,532920.0,1226285,2018
2156,6,20416.0,NK,36629663.0,87217867,2018
2157,6,20304.0,OO,8108076.0,20726835,2018
2158,6,20177.0,PFQ,259521.0,661072,2018
2159,6,20100.0,PO,15691536.0,34683172,2018
2160,6,20422.0,SY,5064157.0,13353711,2018
2161,6,20447.0,U7,584082.0,1370435,2018
2162,6,19977.0,UA,311227302.0,686849022,2018
2163,6,20195.0,WI,1193725.0,2852105,2018
2164,6,20310.0,WL,201955.0,467330,2018
2165,6,20377.0,X9,3994567.0,9622043,2018
2166,6,20452.0,YX,15754.0,47214,2018
2167,6,19393.0,WN,185129904.0,403070327,2018
2168,7,21161.0,09Q,1092191.0,3694142,2018
2169,7,21492.0,1BQ,133734.0,475839,2018
2170,7,21712.0,2HQ,210465.0,866130,2018
2171,7,20408.0,5V,486124.0,1345715,2018
2172,7,19917.0,5X,71875000.0,156748000,2018
2173,7,20007.0,5Y,43578108.0,97061070,2018
2174,7,19874.0,8C,649443.0,1634363,2018
2175,7,20190.0,9S,9535003.0,22032119,2018
2176,7,19805.0,AA,341082450.0,735726546,2018
2177,7,20453.0,ABX,183134.0,448385,2018
2178,7,19930.0,AS,66618692.0,156998714,2018
2179,7,20409.0,B6,76885689.0,176866669,2018
2180,7,19790.0,DL,343768695.0,776004538,2018
2181,7,20436.0,F9,22419797.0,43220639,2018
2182,7,20107.0,FX,94493414.0,205418312,2018
2183,7,20368.0,G4,19950318.0,47704103,2018
2184,7,20166.0,GFQ,222317.0,647544,2018
2185,7,20402.0,GL,444342.0,1263242,2018
2186,7,19690.0,HA,24095994.0,52047100,2018
2187,7,20370.0,KAQ,6182863.0,14861108,2018
2188,7,21629.0,KD,3637110.0,8586650,2018
2189,7,21634.0,KH,380174.0,822598,2018
2190,7,20372.0,KLQ,119455.0,344258,2018
2191,7,20169.0,L2,297382.0,778257,2018
2192,7,20151.0,M6,1752148.0,4127628,2018
2193,7,20405.0,N8,1176339.0,3077015,2018
2194,7,20108.0,NC,556701.0,1279177,2018
2195,7,20416.0,NK,38797091.0,91321528,2018
2196,7,20304.0,OO,8254370.0,20894688,2018
2197,7,20177.0,PFQ,305634.0,764046,2018
2198,7,20100.0,PO,16608663.0,36079846,2018
2199,7,20422.0,SY,5388238.0,13637578,2018
2200,7,20447.0,U7,518242.0,1177972,2018
2201,7,19977.0,UA,326481257.0,709820683,2018
2202,7,20195.0,WI,1795795.0,4291515,2018
2203,7,20310.0,WL,286478.0,828813,2018
2204,7,20377.0,X9,3895754.0,10917698,2018
2205,7,20452.0,YX,28582.0,71869,2018
2206,7,19393.0,WN,192090791.0,409421954,2018
2207,8,21161.0,09Q,1042945.0,3050928,2018
2208,8,21492.0,1BQ,78881.0,311596,2018
2209,8,21712.0,2HQ,210291.0,911751,2018
2210,8,20408.0,5V,461062.0,1294445,2018
2211,8,19917.0,5X,74861000.0,163652000,2018
2212,8,20007.0,5Y,46091262.0,101292125,2018
2213,8,19874.0,8C,547553.0,1404968,2018
2214,8,20190.0,9S,6704811.0,15124980,2018
2215,8,19805.0,AA,334937605.0,724232724,2018
2216,8,20453.0,ABX,179809.0,435624,2018
2217,8,19930.0,AS,65204794.0,154113329,2018
2218,8,20409.0,B6,76718254.0,176609955,2018
2219,8,19790.0,DL,344620993.0,752331133,2018
2220,8,20436.0,F9,22889818.0,48868239,2018
2221,8,20107.0,FX,101305201.0,219923853,2018
2222,8,20368.0,G4,15869106.0,38055346,2018
2223,8,20166.0,GFQ,269611.0,769355,2018
2224,8,20402.0,GL,355463.0,1019284,2018
2225,8,19690.0,HA,24845433.0,53602750,2018
2226,8,20370.0,KAQ,6009584.0,14766779,2018
2227,8,21629.0,KD,3102800.0,7224895,2018
2228,8,21634.0,KH,386511.0,831665,2018
2229,8,20372.0,KLQ,204878.0,597911,2018
2230,8,20169.0,L2,262850.0,741119,2018
2231,8,20151.0,M6,1683147.0,3942989,2018
2232,8,20405.0,N8,2070072.0,5321110,2018
2233,8,20108.0,NC,529533.0,1242216,2018
2234,8,20416.0,NK,38981961.0,91480768,2018
2235,8,20304.0,OO,8454586.0,21656034,2018
2236,8,20177.0,PFQ,415690.0,1004461,2018
2237,8,20100.0,PO,15917705.0,35421346,2018
2238,8,20422.0,SY,5215424.0,13514842,2018
2239,8,20447.0,U7,596423.0,1380244,2018
2240,8,19977.0,UA,319004221.0,694423722,2018
2241,8,20195.0,WI,2635949.0,6386025,2018
2242,8,20310.0,WL,83462.0,335400,2018
2243,8,20377.0,X9,3633958.0,8762947,2018
2244,8,20452.0,YX,32883.0,82173,2018
2245,8,19393.0,WN,179609720.0,389813643,2018
2246,9,21161.0,09Q,1995932.0,3843836,2018
2247,9,21492.0,1BQ,66732.0,396389,2018
2248,9,21712.0,2HQ,162857.0,853155,2018
2249,9,20408.0,5V,406542.0,1262813,2018
2250,9,19917.0,5X,67869000.0,151766000,2018
2251,9,20007.0,5Y,46202795.0,104161923,2018
2252,9,19874.0,8C,562776.0,1520926,2018
2253,9,20190.0,9S,7170103.0,16499259,2018
2254,9,19805.0,AA,302313376.0,666494249,2018
2255,9,20453.0,ABX,160456.0,423041,2018
2256,9,19930.0,AS,57233475.0,139386319,2018
2257,9,20409.0,B6,68771391.0,161329062,2018
2258,9,19790.0,DL,293360620.0,656019382,2018
2259,9,20436.0,F9,21150675.0,45981885,2018
2260,9,20107.0,FX,95333355.0,213470324,2018
2261,9,20368.0,G4,11196654.0,27681519,2018
2262,9,20166.0,GFQ,353458.0,1032044,2018
2263,9,20402.0,GL,274208.0,820499,2018
2264,9,19690.0,HA,23191353.0,51522119,2018
2265,9,20370.0,KAQ,6944826.0,16984099,2018
2266,9,21629.0,KD,2434192.0,5761641,2018
2267,9,21634.0,KH,363038.0,811256,2018
2268,9,20372.0,KLQ,222695.0,629200,2018
2269,9,20169.0,L2,194394.0,544894,2018
2270,9,20151.0,M6,1615715.0,3848102,2018
2271,9,20405.0,N8,1002604.0,3466616,2018
2272,9,20108.0,NC,471127.0,1122097,2018
2273,9,20416.0,NK,31825718.0,76016010,2018
2274,9,20304.0,OO,8231728.0,21210772,2018
2275,9,20177.0,PFQ,346443.0,843305,2018
2276,9,20100.0,PO,16470979.0,36627633,2018
2277,9,20422.0,SY,0.0,9709647,2018
2278,9,20447.0,U7,527074.0,1255000,2018
2279,9,19977.0,UA,285283544.0,634502047,2018
2280,9,20195.0,WI,2487343.0,6092054,2018
2281,9,20310.0,WL,286478.0,43411,2018
2282,9,20377.0,X9,3417228.0,8420240,2018
2283,9,20452.0,YX,31165.0,78760,2018
2284,9,19393.0,WN,164189029.0,352368431,2018
2285,10,21161.0,09Q,1756209.0,4389607,2018
2286,10,21492.0,1BQ,74383.0,390046,2018
2287,10,21712.0,2HQ,192870.0,1029978,2018
2288,10,20408.0,5V,412738.0,1311006,2018
2289,10,19917.0,5X,75678000.0,176715000,2018
2290,10,20007.0,5Y,48737592.0,113154459,2018
2291,10,19874.0,8C,850604.0,2304494,2018
2292,10,20190.0,9S,8354440.0,20167664,2018
2293,10,19805.0,AA,309826329.0,709266054,2018
2294,10,20453.0,ABX,148940.0,408096,2018
2295,10,19930.0,AS,59541567.0,151392652,2018
2296,10,20409.0,B6,69258116.0,169632524,2018
2297,10,19790.0,DL,292898585.0,715587544,2018
2298,10,20436.0,F9,21816709.0,50060564,2018
2299,10,20107.0,FX,103132330.0,240850000,2018
2300,10,20368.0,G4,14711791.0,37713494,2018
2301,10,20166.0,GFQ,377688.0,1094066,2018
2302,10,20402.0,GL,398972.0,1260578,2018
2303,10,19690.0,HA,22843334.0,53350657,2018
2304,10,20370.0,KAQ,7990676.0,20508399,2018
2305,10,21629.0,KD,3355162.0,8402024,2018
2306,10,21634.0,KH,380174.0,822598,2018
2307,10,20372.0,KLQ,293289.0,845816,2018
2308,10,20169.0,L2,183110.0,514050,2018
2309,10,20151.0,M6,1763174.0,4400811,2018
2310,10,20405.0,N8,914262.0,3229279,2018
2311,10,20108.0,NC,447821.0,1141217,2018
2312,10,20416.0,NK,31720179.0,79410404,2018
2313,10,20304.0,OO,8642187.0,23651438,2018
2314,10,20177.0,PFQ,363731.0,938097,2018
2315,10,20100.0,PO,16410293.0,36761026,2018
2316,10,20422.0,SY,0.0,12056773,2018
2317,10,20447.0,U7,778368.0,1876015,2018
2318,10,19977.0,UA,295868516.0,686746812,2018
2319,10,20195.0,WI,854555.0,2147303,2018
2320,10,20310.0,WL,35612.0,170331,2018
2321,10,20377.0,X9,5036755.0,12107994,2018
2322,10,20452.0,YX,27692.0,72538,2018
2323,10,19393.0,WN,176928962.0,390252215,2018
2324,11,21161.0,09Q,1933626.0,4806725,2018
2325,11,21492.0,1BQ,100900.0,423340,2018
2326,11,21712.0,2HQ,342974.0,1634542,2018
2327,11,20408.0,5V,350202.0,1044172,2018
2328,11,19917.0,5X,78441000.0,155106000,2018
2329,11,20007.0,5Y,50629525.0,120915468,2018
2330,11,19874.0,8C,794330.0,2148944,2018
2331,11,20190.0,9S,8354440.0,20167664,2018
2332,11,19805.0,AA,275209633.0,598494164,2018
2333,11,20453.0,ABX,303415.0,676615,2018
2334,11,19930.0,AS,58118677.0,141954875,2018
2335,11,20409.0,B6,68913393.0,158355073,2018
2336,11,19790.0,DL,263318204.0,648932844,2018
2337,11,20436.0,F9,21315382.0,45355746,2018
2338,11,20107.0,FX,105424004.0,231212329,2018
2339,11,20368.0,G4,14978888.0,35896261,2018
2340,11,20166.0,GFQ,318721.0,910686,2018
2341,11,20402.0,GL,544841.0,1587157,2018
2342,12,20007.0,5Y,47226566.0,99985305,2018
2343,11,19690.0,HA,21758910.0,47861575,2018
2344,11,20370.0,KAQ,8628044.0,22035372,2018
2345,11,21629.0,KD,4403406.0,7258765,2018
2346,11,21634.0,KH,404924.0,880716,2018
2347,11,20372.0,KLQ,358665.0,1015608,2018
2348,11,20169.0,L2,258151.0,681279,2018
2349,11,20151.0,M6,1906676.0,4403525,2018
2350,11,20405.0,N8,243548.0,1276430,2018
2351,11,20108.0,NC,389857.0,932350,2018
2352,11,20416.0,NK,33984164.0,78408771,2018
2353,11,20304.0,OO,8304103.0,21469081,2018
2354,11,20177.0,PFQ,377504.0,942917,2018
2355,11,20100.0,PO,16964007.0,38268412,2018
2356,11,20422.0,SY,0.0,11702333,2018
2357,11,20447.0,U7,759632.0,1729954,2018
2358,11,19977.0,UA,273800459.0,617440815,2018
2359,11,20195.0,WI,681000.0,1610529,2018
2360,11,20310.0,WL,50239.0,86267,2018
2361,11,20377.0,X9,3646422.0,9930286,2018
2362,11,20207.0,XP,1581.0,4851,2018
2363,11,20452.0,YX,39717.0,108267,2018
2364,11,19393.0,WN,175169115.0,392274611,2018
2365,12,21161.0,09Q,1299494.0,4742251,2018
2366,12,21492.0,1BQ,272667.0,673488,2018
2367,12,21712.0,2HQ,297468.0,991585,2018
2368,12,20408.0,5V,337373.0,926195,2018
2369,12,19917.0,5X,85172000.0,163863000,2018
2370,12,19874.0,8C,665666.0,1792891,2018
2371,12,20190.0,9S,7466658.0,16432497,2018
2372,12,19805.0,AA,292016200.0,561707796,2018
2373,12,20453.0,ABX,157837.0,326406,2018
2374,12,19930.0,AS,59640959.0,127340061,2018
2375,12,20409.0,B6,74132762.0,148470547,2018
2376,12,19790.0,DL,275489241.0,675360855,2018
2377,12,20436.0,F9,22195128.0,38653570,2018
2378,12,20107.0,FX,110256966.0,208711323,2018
2379,12,20368.0,G4,14608670.0,30074947,2018
2380,12,20166.0,GFQ,224092.0,590269,2018
2381,12,20402.0,GL,580129.0,1670400,2018
2382,12,19690.0,HA,23148471.0,43448273,2018
2383,12,20370.0,KAQ,6880214.0,13849136,2018
2384,12,21629.0,KD,2192151.0,4407383,2018
2385,12,21634.0,KH,478286.0,880599,2018
2386,12,20372.0,KLQ,167131.0,409601,2018
2387,12,20169.0,L2,219581.0,538326,2018
2388,12,20151.0,M6,2020452.0,4070131,2018
2389,12,20405.0,N8,49702.0,1146587,2018
2390,12,20108.0,NC,401947.0,826432,2018
2391,12,20416.0,NK,35890659.0,71860839,2018
2392,12,20304.0,OO,8477821.0,19095798,2018
2393,12,20177.0,PFQ,460223.0,1075300,2018
2394,12,20100.0,PO,17223580.0,33839494,2018
2395,12,20422.0,SY,0.0,11727691,2018
2396,12,20447.0,U7,678700.0,1335576,2018
2397,12,19977.0,UA,288756890.0,569473976,2018
2398,12,20195.0,WI,788547.0,1793535,2018
2399,12,20310.0,WL,64970.0,168103,2018
2400,12,20377.0,X9,2531738.0,6172701,2018
2401,12,20452.0,YX,21048.0,50043,2018
2402,12,19393.0,WN,175889193.0,357550908,2018
